patient,sample,lane,fastq_1,fastq_2
normal,F11,L00M,/scratch/gautschi/blackan/GROUSE/nexus/raw/F11_AGGTCAGATA-TATCTTGTAG_L00M_R1_001.fastq.gz,/scratch/gautschi/blackan/GROUSE/nexus/raw/F11_AGGTCAGATA-TATCTTGTAG_L00M_R2_001.fastq.gz
normal,F121,L00M,/scratch/gautschi/blackan/GROUSE/nexus/raw/F121_ATGTCCAGCA-TTGTCCGCTG_L00M_R1_001.fastq.gz,/scratch/gautschi/blackan/GROUSE/nexus/raw/F121_ATGTCCAGCA-TTGTCCGCTG_L00M_R2_001.fastq.gz
normal,F123,L00M,/scratch/gautschi/blackan/GROUSE/nexus/raw/F123_GCGTATTAAT-CAACACCGCA_L00M_R1_001.fastq.gz,/scratch/gautschi/blackan/GROUSE/nexus/raw/F123_GCGTATTAAT-CAACACCGCA_L00M_R2_001.fastq.gz
normal,F1259,L001,/scratch/gautschi/blackan/GROUSE/nexus/raw/F1259_ACTTGTTATC-TCTAGGCGCG_L001_R1_001.fastq.gz,/scratch/gautschi/blackan/GROUSE/nexus/raw/F1259_ACTTGTTATC-TCTAGGCGCG_L001_R2_001.fastq.gz
normal,F125,L00M,/scratch/gautschi/blackan/GROUSE/nexus/raw/F125_GTTGTGACTA-TCCGTTATGT_L00M_R1_001.fastq.gz,/scratch/gautschi/blackan/GROUSE/nexus/raw/F125_GTTGTGACTA-TCCGTTATGT_L00M_R2_001.fastq.gz
normal,F1260,L001,/scratch/gautschi/blackan/GROUSE/nexus/raw/F1260_CGTGTACCAG-AACTTATCCT_L001_R1_001.fastq.gz,/scratch/gautschi/blackan/GROUSE/nexus/raw/F1260_CGTGTACCAG-AACTTATCCT_L001_R2_001.fastq.gz
normal,F1261,L001,/scratch/gautschi/blackan/GROUSE/nexus/raw/F1261_TTAACCTTCG-TGTCTGGCCT_L001_R1_001.fastq.gz,/scratch/gautschi/blackan/GROUSE/nexus/raw/F1261_TTAACCTTCG-TGTCTGGCCT_L001_R2_001.fastq.gz
normal,F1263,L001,/scratch/gautschi/blackan/GROUSE/nexus/raw/F1263_GTTGGATGAA-TTACCTGGAA_L001_R1_001.fastq.gz,/scratch/gautschi/blackan/GROUSE/nexus/raw/F1263_GTTGGATGAA-TTACCTGGAA_L001_R2_001.fastq.gz
normal,F1268,L001,/scratch/gautschi/blackan/GROUSE/nexus/raw/F1268_AGCCTATGAT-GTAGGTGGTG_L001_R1_001.fastq.gz,/scratch/gautschi/blackan/GROUSE/nexus/raw/F1268_AGCCTATGAT-GTAGGTGGTG_L001_R2_001.fastq.gz
normal,F1269,L001,/scratch/gautschi/blackan/GROUSE/nexus/raw/F1269_TATGATGGCC-TATGACAATC_L001_R1_001.fastq.gz,/scratch/gautschi/blackan/GROUSE/nexus/raw/F1269_TATGATGGCC-TATGACAATC_L001_R2_001.fastq.gz
normal,F1270,L001,/scratch/gautschi/blackan/GROUSE/nexus/raw/F1270_CGCAGCAATT-ATAGCGGAAT_L001_R1_001.fastq.gz,/scratch/gautschi/blackan/GROUSE/nexus/raw/F1270_CGCAGCAATT-ATAGCGGAAT_L001_R2_001.fastq.gz
normal,F1271,L001,/scratch/gautschi/blackan/GROUSE/nexus/raw/F1271_ACGTTCCTTA-CACAGCGGTC_L001_R1_001.fastq.gz,/scratch/gautschi/blackan/GROUSE/nexus/raw/F1271_ACGTTCCTTA-CACAGCGGTC_L001_R2_001.fastq.gz
normal,F1272,L001,/scratch/gautschi/blackan/GROUSE/nexus/raw/F1272_CCGCGTATAG-CCGGTTCCTA_L001_R1_001.fastq.gz,/scratch/gautschi/blackan/GROUSE/nexus/raw/F1272_CCGCGTATAG-CCGGTTCCTA_L001_R2_001.fastq.gz
normal,F1273,L001,/scratch/gautschi/blackan/GROUSE/nexus/raw/F1273_GATTCTGAAT-GTCCACCGCT_L001_R1_001.fastq.gz,/scratch/gautschi/blackan/GROUSE/nexus/raw/F1273_GATTCTGAAT-GTCCACCGCT_L001_R2_001.fastq.gz
normal,F1274,L001,/scratch/gautschi/blackan/GROUSE/nexus/raw/F1274_TAGAGAATAC-CGAATCTATA_L001_R1_001.fastq.gz,/scratch/gautschi/blackan/GROUSE/nexus/raw/F1274_TAGAGAATAC-CGAATCTATA_L001_R2_001.fastq.gz
normal,F1275,L001,/scratch/gautschi/blackan/GROUSE/nexus/raw/F1275_TTGTATCAGG-TGGCCTCTGT_L001_R1_001.fastq.gz,/scratch/gautschi/blackan/GROUSE/nexus/raw/F1275_TTGTATCAGG-TGGCCTCTGT_L001_R2_001.fastq.gz
normal,F1276,L001,/scratch/gautschi/blackan/GROUSE/nexus/raw/F1276_CACAGCGGTC-CAATAGGAAT_L001_R1_001.fastq.gz,/scratch/gautschi/blackan/GROUSE/nexus/raw/F1276_CACAGCGGTC-CAATAGGAAT_L001_R2_001.fastq.gz
normal,F1277,L001,/scratch/gautschi/blackan/GROUSE/nexus/raw/F1277_CCACGCTGAA-CTGAGGAATA_L001_R1_001.fastq.gz,/scratch/gautschi/blackan/GROUSE/nexus/raw/F1277_CCACGCTGAA-CTGAGGAATA_L001_R2_001.fastq.gz
normal,F1278,L001,/scratch/gautschi/blackan/GROUSE/nexus/raw/F1278_GTTCGGAGTT-TCAGAAGGCG_L001_R1_001.fastq.gz,/scratch/gautschi/blackan/GROUSE/nexus/raw/F1278_GTTCGGAGTT-TCAGAAGGCG_L001_R2_001.fastq.gz
normal,F1279,L001,/scratch/gautschi/blackan/GROUSE/nexus/raw/F1279_ATAGCGGAAT-TACTCTGCGC_L001_R1_001.fastq.gz,/scratch/gautschi/blackan/GROUSE/nexus/raw/F1279_ATAGCGGAAT-TACTCTGCGC_L001_R2_001.fastq.gz
normal,F1280,L001,/scratch/gautschi/blackan/GROUSE/nexus/raw/F1280_GCAATATTCA-AATTGGCGCC_L001_R1_001.fastq.gz,/scratch/gautschi/blackan/GROUSE/nexus/raw/F1280_GCAATATTCA-AATTGGCGCC_L001_R2_001.fastq.gz
normal,F1281,L001,/scratch/gautschi/blackan/GROUSE/nexus/raw/F1281_CTAGATTGCG-CGCCATATCT_L001_R1_001.fastq.gz,/scratch/gautschi/blackan/GROUSE/nexus/raw/F1281_CTAGATTGCG-CGCCATATCT_L001_R2_001.fastq.gz
normal,F1282,L001,/scratch/gautschi/blackan/GROUSE/nexus/raw/F1282_CGATGCGGTT-ACCAAGCAGG_L001_R1_001.fastq.gz,/scratch/gautschi/blackan/GROUSE/nexus/raw/F1282_CGATGCGGTT-ACCAAGCAGG_L001_R2_001.fastq.gz
normal,F1283,L001,/scratch/gautschi/blackan/GROUSE/nexus/raw/F1283_TCCGGACTAG-ATTGTTCGTC_L001_R1_001.fastq.gz,/scratch/gautschi/blackan/GROUSE/nexus/raw/F1283_TCCGGACTAG-ATTGTTCGTC_L001_R2_001.fastq.gz
normal,F1293,L001,/scratch/gautschi/blackan/GROUSE/nexus/raw/F1293_GTGACGGAGC-TGGACCGCCA_L001_R1_001.fastq.gz,/scratch/gautschi/blackan/GROUSE/nexus/raw/F1293_GTGACGGAGC-TGGACCGCCA_L001_R2_001.fastq.gz
normal,F130,L00M,/scratch/gautschi/blackan/GROUSE/nexus/raw/F130_TGCAAGATAA-CCGTCCTCAA_L00M_R1_001.fastq.gz,/scratch/gautschi/blackan/GROUSE/nexus/raw/F130_TGCAAGATAA-CCGTCCTCAA_L00M_R2_001.fastq.gz
normal,F132,L00M,/scratch/gautschi/blackan/GROUSE/nexus/raw/F132_GTAACAATCT-GTATACAGAG_L00M_R1_001.fastq.gz,/scratch/gautschi/blackan/GROUSE/nexus/raw/F132_GTAACAATCT-GTATACAGAG_L00M_R2_001.fastq.gz
normal,F135,L00M,/scratch/gautschi/blackan/GROUSE/nexus/raw/F135_CAGCGGTAGA-CACCTGTTGC_L00M_R1_001.fastq.gz,/scratch/gautschi/blackan/GROUSE/nexus/raw/F135_CAGCGGTAGA-CACCTGTTGC_L00M_R2_001.fastq.gz
normal,F137,L00M,/scratch/gautschi/blackan/GROUSE/nexus/raw/F137_TCATACCGTT-CTGCGTTACC_L00M_R1_001.fastq.gz,/scratch/gautschi/blackan/GROUSE/nexus/raw/F137_TCATACCGTT-CTGCGTTACC_L00M_R2_001.fastq.gz
normal,F138,L00M,/scratch/gautschi/blackan/GROUSE/nexus/raw/F138_GGCGCCATTG-ATTGCGCGGT_L00M_R1_001.fastq.gz,/scratch/gautschi/blackan/GROUSE/nexus/raw/F138_GGCGCCATTG-ATTGCGCGGT_L00M_R2_001.fastq.gz
normal,F139,L00M,/scratch/gautschi/blackan/GROUSE/nexus/raw/F139_AGCGAATTAG-TGTTCCGGCT_L00M_R1_001.fastq.gz,/scratch/gautschi/blackan/GROUSE/nexus/raw/F139_AGCGAATTAG-TGTTCCGGCT_L00M_R2_001.fastq.gz
normal,F140,L00M,/scratch/gautschi/blackan/GROUSE/nexus/raw/F140_TTAGACCATG-CTTCCTAGGA_L00M_R1_001.fastq.gz,/scratch/gautschi/blackan/GROUSE/nexus/raw/F140_TTAGACCATG-CTTCCTAGGA_L00M_R2_001.fastq.gz
normal,F142,L00M,/scratch/gautschi/blackan/GROUSE/nexus/raw/F142_CACACAGTAT-TTAGGCTCAA_L00M_R1_001.fastq.gz,/scratch/gautschi/blackan/GROUSE/nexus/raw/F142_CACACAGTAT-TTAGGCTCAA_L00M_R2_001.fastq.gz
normal,F143,L00M,/scratch/gautschi/blackan/GROUSE/nexus/raw/F143_TCTTGTCGGC-ACACAGGTGG_L00M_R1_001.fastq.gz,/scratch/gautschi/blackan/GROUSE/nexus/raw/F143_TCTTGTCGGC-ACACAGGTGG_L00M_R2_001.fastq.gz
normal,F144,L00M,/scratch/gautschi/blackan/GROUSE/nexus/raw/F144_TACCGCCTCG-GGTTGCGAGG_L00M_R1_001.fastq.gz,/scratch/gautschi/blackan/GROUSE/nexus/raw/F144_TACCGCCTCG-GGTTGCGAGG_L00M_R2_001.fastq.gz
normal,F146,L00M,/scratch/gautschi/blackan/GROUSE/nexus/raw/F146_CTGTTATATC-ACAGCTATAC_L00M_R1_001.fastq.gz,/scratch/gautschi/blackan/GROUSE/nexus/raw/F146_CTGTTATATC-ACAGCTATAC_L00M_R2_001.fastq.gz
normal,F148,L00M,/scratch/gautschi/blackan/GROUSE/nexus/raw/F148_TAACCGGCGA-CTAATGTAGC_L00M_R1_001.fastq.gz,/scratch/gautschi/blackan/GROUSE/nexus/raw/F148_TAACCGGCGA-CTAATGTAGC_L00M_R2_001.fastq.gz
normal,F151,L00M,/scratch/gautschi/blackan/GROUSE/nexus/raw/F151_AAGAGAGTCT-AAGATTCGTA_L00M_R1_001.fastq.gz,/scratch/gautschi/blackan/GROUSE/nexus/raw/F151_AAGAGAGTCT-AAGATTCGTA_L00M_R2_001.fastq.gz
normal,F152,L00M,/scratch/gautschi/blackan/GROUSE/nexus/raw/F152_GTAGGCGAGC-TGCGCTCCTA_L00M_R1_001.fastq.gz,/scratch/gautschi/blackan/GROUSE/nexus/raw/F152_GTAGGCGAGC-TGCGCTCCTA_L00M_R2_001.fastq.gz
normal,F153,L00M,/scratch/gautschi/blackan/GROUSE/nexus/raw/F153_AACTTATCCT-ACGCCAGTAC_L00M_R1_001.fastq.gz,/scratch/gautschi/blackan/GROUSE/nexus/raw/F153_AACTTATCCT-ACGCCAGTAC_L00M_R2_001.fastq.gz
normal,F155,L00M,/scratch/gautschi/blackan/GROUSE/nexus/raw/F155_ATTATGTCTC-GCTCTTAACT_L00M_R1_001.fastq.gz,/scratch/gautschi/blackan/GROUSE/nexus/raw/F155_ATTATGTCTC-GCTCTTAACT_L00M_R2_001.fastq.gz
normal,F157,L00M,/scratch/gautschi/blackan/GROUSE/nexus/raw/F157_TATAACAGCT-TTATACGCGA_L00M_R1_001.fastq.gz,/scratch/gautschi/blackan/GROUSE/nexus/raw/F157_TATAACAGCT-TTATACGCGA_L00M_R2_001.fastq.gz
normal,F158,L00M,/scratch/gautschi/blackan/GROUSE/nexus/raw/F158_CCAATGATAC-CGGCACACTC_L00M_R1_001.fastq.gz,/scratch/gautschi/blackan/GROUSE/nexus/raw/F158_CCAATGATAC-CGGCACACTC_L00M_R2_001.fastq.gz
normal,F159,L00M,/scratch/gautschi/blackan/GROUSE/nexus/raw/F159_GAGGCCTATT-TCCGGACTAG_L00M_R1_001.fastq.gz,/scratch/gautschi/blackan/GROUSE/nexus/raw/F159_GAGGCCTATT-TCCGGACTAG_L00M_R2_001.fastq.gz
normal,F160,L00M,/scratch/gautschi/blackan/GROUSE/nexus/raw/F160_AGCTAAGCGG-GCGTATTAAT_L00M_R1_001.fastq.gz,/scratch/gautschi/blackan/GROUSE/nexus/raw/F160_AGCTAAGCGG-GCGTATTAAT_L00M_R2_001.fastq.gz
normal,F162,L00M,/scratch/gautschi/blackan/GROUSE/nexus/raw/F162_CTTCCTAGGA-ATACTCTAGG_L00M_R1_001.fastq.gz,/scratch/gautschi/blackan/GROUSE/nexus/raw/F162_CTTCCTAGGA-ATACTCTAGG_L00M_R2_001.fastq.gz
normal,F163,L003,/scratch/gautschi/blackan/GROUSE/nexus/raw/F163_CTCTGCAGCG-TACATCCATC_L003_R1_001.fastq.gz,/scratch/gautschi/blackan/GROUSE/nexus/raw/F163_CTCTGCAGCG-TACATCCATC_L003_R2_001.fastq.gz
normal,F165,L00M,/scratch/gautschi/blackan/GROUSE/nexus/raw/F165_CGATCTGTGA-AGTCTTCCTA_L00M_R1_001.fastq.gz,/scratch/gautschi/blackan/GROUSE/nexus/raw/F165_CGATCTGTGA-AGTCTTCCTA_L00M_R2_001.fastq.gz
normal,F166,L00M,/scratch/gautschi/blackan/GROUSE/nexus/raw/F166_GTGGACAAGT-AAGGCCACGG_L00M_R1_001.fastq.gz,/scratch/gautschi/blackan/GROUSE/nexus/raw/F166_GTGGACAAGT-AAGGCCACGG_L00M_R2_001.fastq.gz
normal,F167,L00M,/scratch/gautschi/blackan/GROUSE/nexus/raw/F167_AACAAGTACA-GGATATATCC_L00M_R1_001.fastq.gz,/scratch/gautschi/blackan/GROUSE/nexus/raw/F167_AACAAGTACA-GGATATATCC_L00M_R2_001.fastq.gz
normal,F168,L00M,/scratch/gautschi/blackan/GROUSE/nexus/raw/F168_AGATTAAGTG-CCAAGAGGTG_L00M_R1_001.fastq.gz,/scratch/gautschi/blackan/GROUSE/nexus/raw/F168_AGATTAAGTG-CCAAGAGGTG_L00M_R2_001.fastq.gz
normal,F169,L00M,/scratch/gautschi/blackan/GROUSE/nexus/raw/F169_TATCACTCTG-ATGTAACGTT_L00M_R1_001.fastq.gz,/scratch/gautschi/blackan/GROUSE/nexus/raw/F169_TATCACTCTG-ATGTAACGTT_L00M_R2_001.fastq.gz
normal,F16,L00M,/scratch/gautschi/blackan/GROUSE/nexus/raw/F16_CGTCTCATAT-AGCTACTATA_L00M_R1_001.fastq.gz,/scratch/gautschi/blackan/GROUSE/nexus/raw/F16_CGTCTCATAT-AGCTACTATA_L00M_R2_001.fastq.gz
normal,F172,L00M,/scratch/gautschi/blackan/GROUSE/nexus/raw/F172_CCTGACCACT-ATAGCCAAGA_L00M_R1_001.fastq.gz,/scratch/gautschi/blackan/GROUSE/nexus/raw/F172_CCTGACCACT-ATAGCCAAGA_L00M_R2_001.fastq.gz
normal,F174,L00M,/scratch/gautschi/blackan/GROUSE/nexus/raw/F174_AGCTGGAATG-CGCATTCCGT_L00M_R1_001.fastq.gz,/scratch/gautschi/blackan/GROUSE/nexus/raw/F174_AGCTGGAATG-CGCATTCCGT_L00M_R2_001.fastq.gz
normal,F175,L00M,/scratch/gautschi/blackan/GROUSE/nexus/raw/F175_TGATAACGAG-CCTGCGGAAC_L00M_R1_001.fastq.gz,/scratch/gautschi/blackan/GROUSE/nexus/raw/F175_TGATAACGAG-CCTGCGGAAC_L00M_R2_001.fastq.gz
normal,F177,L003,/scratch/gautschi/blackan/GROUSE/nexus/raw/F177_CATTAGTGCG-TATGTAGTCA_L003_R1_001.fastq.gz,/scratch/gautschi/blackan/GROUSE/nexus/raw/F177_CATTAGTGCG-TATGTAGTCA_L003_R2_001.fastq.gz
normal,F178,L003,/scratch/gautschi/blackan/GROUSE/nexus/raw/F178_TCTGGTATCC-GTAAGCAACG_L003_R1_001.fastq.gz,/scratch/gautschi/blackan/GROUSE/nexus/raw/F178_TCTGGTATCC-GTAAGCAACG_L003_R2_001.fastq.gz
normal,F180,L00M,/scratch/gautschi/blackan/GROUSE/nexus/raw/F180_CATAGTAAGG-GTAACTTGGT_L00M_R1_001.fastq.gz,/scratch/gautschi/blackan/GROUSE/nexus/raw/F180_CATAGTAAGG-GTAACTTGGT_L00M_R2_001.fastq.gz
normal,F182,L00M,/scratch/gautschi/blackan/GROUSE/nexus/raw/F182_GTACCGATTA-AACGTTAGTT_L00M_R1_001.fastq.gz,/scratch/gautschi/blackan/GROUSE/nexus/raw/F182_GTACCGATTA-AACGTTAGTT_L00M_R2_001.fastq.gz
normal,F183,L00M,/scratch/gautschi/blackan/GROUSE/nexus/raw/F183_GAACAATTCC-TCCAACTCTA_L00M_R1_001.fastq.gz,/scratch/gautschi/blackan/GROUSE/nexus/raw/F183_GAACAATTCC-TCCAACTCTA_L00M_R2_001.fastq.gz
normal,F184,L003,/scratch/gautschi/blackan/GROUSE/nexus/raw/F184_TGATGTAAGA-AAGGACGCAC_L003_R1_001.fastq.gz,/scratch/gautschi/blackan/GROUSE/nexus/raw/F184_TGATGTAAGA-AAGGACGCAC_L003_R2_001.fastq.gz
normal,F185,L00M,/scratch/gautschi/blackan/GROUSE/nexus/raw/F185_TGTGGTCCGG-CTAGTGCTCT_L00M_R1_001.fastq.gz,/scratch/gautschi/blackan/GROUSE/nexus/raw/F185_TGTGGTCCGG-CTAGTGCTCT_L00M_R2_001.fastq.gz
normal,F188,L00M,/scratch/gautschi/blackan/GROUSE/nexus/raw/F188_CTTCTAAGTC-CCTGTAGAGT_L00M_R1_001.fastq.gz,/scratch/gautschi/blackan/GROUSE/nexus/raw/F188_CTTCTAAGTC-CCTGTAGAGT_L00M_R2_001.fastq.gz
normal,F189,L003,/scratch/gautschi/blackan/GROUSE/nexus/raw/F189_GGAATTGTAA-AGGATGTGCT_L003_R1_001.fastq.gz,/scratch/gautschi/blackan/GROUSE/nexus/raw/F189_GGAATTGTAA-AGGATGTGCT_L003_R2_001.fastq.gz
normal,F192,L00M,/scratch/gautschi/blackan/GROUSE/nexus/raw/F192_AATATTGCCA-GGTGTCACCG_L00M_R1_001.fastq.gz,/scratch/gautschi/blackan/GROUSE/nexus/raw/F192_AATATTGCCA-GGTGTCACCG_L00M_R2_001.fastq.gz
normal,F193,L00M,/scratch/gautschi/blackan/GROUSE/nexus/raw/F193_TCGTGCATTC-ATACCAACGC_L00M_R1_001.fastq.gz,/scratch/gautschi/blackan/GROUSE/nexus/raw/F193_TCGTGCATTC-ATACCAACGC_L00M_R2_001.fastq.gz
normal,F194,L00M,/scratch/gautschi/blackan/GROUSE/nexus/raw/F194_AAGATACACG-TGTTAGCACA_L00M_R1_001.fastq.gz,/scratch/gautschi/blackan/GROUSE/nexus/raw/F194_AAGATACACG-TGTTAGCACA_L00M_R2_001.fastq.gz
normal,F196,L00M,/scratch/gautschi/blackan/GROUSE/nexus/raw/F196_TGCAATGAAT-TTACTTCTGG_L00M_R1_001.fastq.gz,/scratch/gautschi/blackan/GROUSE/nexus/raw/F196_TGCAATGAAT-TTACTTCTGG_L00M_R2_001.fastq.gz
normal,F198,L00M,/scratch/gautschi/blackan/GROUSE/nexus/raw/F198_CTATGAAGGA-CAGGTATAAG_L00M_R1_001.fastq.gz,/scratch/gautschi/blackan/GROUSE/nexus/raw/F198_CTATGAAGGA-CAGGTATAAG_L00M_R2_001.fastq.gz
normal,F199,L00M,/scratch/gautschi/blackan/GROUSE/nexus/raw/F199_GAAGACTAGA-AAGTTCTAGT_L00M_R1_001.fastq.gz,/scratch/gautschi/blackan/GROUSE/nexus/raw/F199_GAAGACTAGA-AAGTTCTAGT_L00M_R2_001.fastq.gz
normal,F19,L00M,/scratch/gautschi/blackan/GROUSE/nexus/raw/F19_GACGAGATTA-AGGATAATGT_L00M_R1_001.fastq.gz,/scratch/gautschi/blackan/GROUSE/nexus/raw/F19_GACGAGATTA-AGGATAATGT_L00M_R2_001.fastq.gz
normal,F1,L00M,/scratch/gautschi/blackan/GROUSE/nexus/raw/F1_GAACTGAGCG-CGCTCCACGA_L00M_R1_001.fastq.gz,/scratch/gautschi/blackan/GROUSE/nexus/raw/F1_GAACTGAGCG-CGCTCCACGA_L00M_R2_001.fastq.gz
normal,F200,L00M,/scratch/gautschi/blackan/GROUSE/nexus/raw/F200_AGGAGTCGAG-GTAAGCCTAA_L00M_R1_001.fastq.gz,/scratch/gautschi/blackan/GROUSE/nexus/raw/F200_AGGAGTCGAG-GTAAGCCTAA_L00M_R2_001.fastq.gz
normal,F201,L00M,/scratch/gautschi/blackan/GROUSE/nexus/raw/F201_TTCACTCACT-TCTCATGATA_L00M_R1_001.fastq.gz,/scratch/gautschi/blackan/GROUSE/nexus/raw/F201_TTCACTCACT-TCTCATGATA_L00M_R2_001.fastq.gz
normal,F202,L00M,/scratch/gautschi/blackan/GROUSE/nexus/raw/F202_GGTCCGCTTC-CTTGTGTGAG_L00M_R1_001.fastq.gz,/scratch/gautschi/blackan/GROUSE/nexus/raw/F202_GGTCCGCTTC-CTTGTGTGAG_L00M_R2_001.fastq.gz
normal,F203,L00M,/scratch/gautschi/blackan/GROUSE/nexus/raw/F203_CAACGAGAGC-CACTCAATTC_L00M_R1_001.fastq.gz,/scratch/gautschi/blackan/GROUSE/nexus/raw/F203_CAACGAGAGC-CACTCAATTC_L00M_R2_001.fastq.gz
normal,F204,L00M,/scratch/gautschi/blackan/GROUSE/nexus/raw/F204_ATTGAGGTCC-ATATAATCCG_L00M_R1_001.fastq.gz,/scratch/gautschi/blackan/GROUSE/nexus/raw/F204_ATTGAGGTCC-ATATAATCCG_L00M_R2_001.fastq.gz
normal,F206,L00M,/scratch/gautschi/blackan/GROUSE/nexus/raw/F206_GGAGAGACTC-TCTGCTTCAA_L00M_R1_001.fastq.gz,/scratch/gautschi/blackan/GROUSE/nexus/raw/F206_GGAGAGACTC-TCTGCTTCAA_L00M_R2_001.fastq.gz
normal,F208,L00M,/scratch/gautschi/blackan/GROUSE/nexus/raw/F208_CCGCTCCGTT-CTTCGCCGTA_L00M_R1_001.fastq.gz,/scratch/gautschi/blackan/GROUSE/nexus/raw/F208_CCGCTCCGTT-CTTCGCCGTA_L00M_R2_001.fastq.gz
normal,F209,L003,/scratch/gautschi/blackan/GROUSE/nexus/raw/F209_ATACATCACA-TCAATGGAGA_L003_R1_001.fastq.gz,/scratch/gautschi/blackan/GROUSE/nexus/raw/F209_ATACATCACA-TCAATGGAGA_L003_R2_001.fastq.gz
normal,F20,L003,/scratch/gautschi/blackan/GROUSE/nexus/raw/F20_GACGAGATTA-AGGATAATGT_L003_R1_001.fastq.gz,/scratch/gautschi/blackan/GROUSE/nexus/raw/F20_GACGAGATTA-AGGATAATGT_L003_R2_001.fastq.gz
normal,F210,L003,/scratch/gautschi/blackan/GROUSE/nexus/raw/F210_TAGGTATGTT-CTTGGTCTCG_L003_R1_001.fastq.gz,/scratch/gautschi/blackan/GROUSE/nexus/raw/F210_TAGGTATGTT-CTTGGTCTCG_L003_R2_001.fastq.gz
normal,F212,L003,/scratch/gautschi/blackan/GROUSE/nexus/raw/F212_CACCTAGCAC-ATGTCCAGCA_L003_R1_001.fastq.gz,/scratch/gautschi/blackan/GROUSE/nexus/raw/F212_CACCTAGCAC-ATGTCCAGCA_L003_R2_001.fastq.gz
normal,F213,L003,/scratch/gautschi/blackan/GROUSE/nexus/raw/F213_TTCAAGTATG-CGATACCATC_L003_R1_001.fastq.gz,/scratch/gautschi/blackan/GROUSE/nexus/raw/F213_TTCAAGTATG-CGATACCATC_L003_R2_001.fastq.gz
normal,F214,L003,/scratch/gautschi/blackan/GROUSE/nexus/raw/F214_TTAAGACAAG-CAATTAAGCC_L003_R1_001.fastq.gz,/scratch/gautschi/blackan/GROUSE/nexus/raw/F214_TTAAGACAAG-CAATTAAGCC_L003_R2_001.fastq.gz
normal,F216,L003,/scratch/gautschi/blackan/GROUSE/nexus/raw/F216_CACCTCTCTT-AGGAGTCGAG_L003_R1_001.fastq.gz,/scratch/gautschi/blackan/GROUSE/nexus/raw/F216_CACCTCTCTT-AGGAGTCGAG_L003_R2_001.fastq.gz
normal,F217,L003,/scratch/gautschi/blackan/GROUSE/nexus/raw/F217_TTCTCGTGCA-CTCTGTGTAT_L003_R1_001.fastq.gz,/scratch/gautschi/blackan/GROUSE/nexus/raw/F217_TTCTCGTGCA-CTCTGTGTAT_L003_R2_001.fastq.gz
normal,F218,L003,/scratch/gautschi/blackan/GROUSE/nexus/raw/F218_GCTAGGAAGT-TCGTCCGAGA_L003_R1_001.fastq.gz,/scratch/gautschi/blackan/GROUSE/nexus/raw/F218_GCTAGGAAGT-TCGTCCGAGA_L003_R2_001.fastq.gz
normal,F219,L003,/scratch/gautschi/blackan/GROUSE/nexus/raw/F219_TTAATAGCAC-CAGACGTGGT_L003_R1_001.fastq.gz,/scratch/gautschi/blackan/GROUSE/nexus/raw/F219_TTAATAGCAC-CAGACGTGGT_L003_R2_001.fastq.gz
normal,F21,L00M,/scratch/gautschi/blackan/GROUSE/nexus/raw/F21_AACATCGCGC-ACAAGTGGAC_L00M_R1_001.fastq.gz,/scratch/gautschi/blackan/GROUSE/nexus/raw/F21_AACATCGCGC-ACAAGTGGAC_L00M_R2_001.fastq.gz
normal,F221,L003,/scratch/gautschi/blackan/GROUSE/nexus/raw/F221_GGCACTAAGG-GTTGACCTGA_L003_R1_001.fastq.gz,/scratch/gautschi/blackan/GROUSE/nexus/raw/F221_GGCACTAAGG-GTTGACCTGA_L003_R2_001.fastq.gz
normal,F222,L003,/scratch/gautschi/blackan/GROUSE/nexus/raw/F222_ATTCGGTACA-TCCTCGGACT_L003_R1_001.fastq.gz,/scratch/gautschi/blackan/GROUSE/nexus/raw/F222_ATTCGGTACA-TCCTCGGACT_L003_R2_001.fastq.gz
normal,F223,L003,/scratch/gautschi/blackan/GROUSE/nexus/raw/F223_ACTAATCTCC-AGATTAAGTG_L003_R1_001.fastq.gz,/scratch/gautschi/blackan/GROUSE/nexus/raw/F223_ACTAATCTCC-AGATTAAGTG_L003_R2_001.fastq.gz
normal,F224,L003,/scratch/gautschi/blackan/GROUSE/nexus/raw/F224_TGTGTTAGTA-TAACAGAGTA_L003_R1_001.fastq.gz,/scratch/gautschi/blackan/GROUSE/nexus/raw/F224_TGTGTTAGTA-TAACAGAGTA_L003_R2_001.fastq.gz
normal,F225,L003,/scratch/gautschi/blackan/GROUSE/nexus/raw/F225_CAACGACCTA-ATCGAGTCGC_L003_R1_001.fastq.gz,/scratch/gautschi/blackan/GROUSE/nexus/raw/F225_CAACGACCTA-ATCGAGTCGC_L003_R2_001.fastq.gz
normal,F226,L003,/scratch/gautschi/blackan/GROUSE/nexus/raw/F226_CGGTCGGCAT-CCTTGCCTAG_L003_R1_001.fastq.gz,/scratch/gautschi/blackan/GROUSE/nexus/raw/F226_CGGTCGGCAT-CCTTGCCTAG_L003_R2_001.fastq.gz
normal,F227,L003,/scratch/gautschi/blackan/GROUSE/nexus/raw/F227_TCGACGCTAG-TTCGAAGAGG_L003_R1_001.fastq.gz,/scratch/gautschi/blackan/GROUSE/nexus/raw/F227_TCGACGCTAG-TTCGAAGAGG_L003_R2_001.fastq.gz
normal,F228,L003,/scratch/gautschi/blackan/GROUSE/nexus/raw/F228_CTCGTAGGCA-AAGAGGATGA_L003_R1_001.fastq.gz,/scratch/gautschi/blackan/GROUSE/nexus/raw/F228_CTCGTAGGCA-AAGAGGATGA_L003_R2_001.fastq.gz
normal,F229,L003,/scratch/gautschi/blackan/GROUSE/nexus/raw/F229_AAGTTCTAGT-TTATCTTACC_L003_R1_001.fastq.gz,/scratch/gautschi/blackan/GROUSE/nexus/raw/F229_AAGTTCTAGT-TTATCTTACC_L003_R2_001.fastq.gz
normal,F230,L003,/scratch/gautschi/blackan/GROUSE/nexus/raw/F230_CCAAGAGGTG-CTGGCTCGTT_L003_R1_001.fastq.gz,/scratch/gautschi/blackan/GROUSE/nexus/raw/F230_CCAAGAGGTG-CTGGCTCGTT_L003_R2_001.fastq.gz
normal,F231,L003,/scratch/gautschi/blackan/GROUSE/nexus/raw/F231_ATATCTGCTT-AGATTGTCTA_L003_R1_001.fastq.gz,/scratch/gautschi/blackan/GROUSE/nexus/raw/F231_ATATCTGCTT-AGATTGTCTA_L003_R2_001.fastq.gz
normal,F232,L003,/scratch/gautschi/blackan/GROUSE/nexus/raw/F232_TGGATCTGGC-TTCAGCATTG_L003_R1_001.fastq.gz,/scratch/gautschi/blackan/GROUSE/nexus/raw/F232_TGGATCTGGC-TTCAGCATTG_L003_R2_001.fastq.gz
normal,F233,L003,/scratch/gautschi/blackan/GROUSE/nexus/raw/F233_TTGAATCCAA-ACACCGTGAC_L003_R1_001.fastq.gz,/scratch/gautschi/blackan/GROUSE/nexus/raw/F233_TTGAATCCAA-ACACCGTGAC_L003_R2_001.fastq.gz
normal,F234,L003,/scratch/gautschi/blackan/GROUSE/nexus/raw/F234_CACGGCTAGT-CTTGTACACC_L003_R1_001.fastq.gz,/scratch/gautschi/blackan/GROUSE/nexus/raw/F234_CACGGCTAGT-CTTGTACACC_L003_R2_001.fastq.gz
normal,F235,L003,/scratch/gautschi/blackan/GROUSE/nexus/raw/F235_GAGCTTGCCG-CCTGCAACCT_L003_R1_001.fastq.gz,/scratch/gautschi/blackan/GROUSE/nexus/raw/F235_GAGCTTGCCG-CCTGCAACCT_L003_R2_001.fastq.gz
normal,F236,L003,/scratch/gautschi/blackan/GROUSE/nexus/raw/F236_AGCTAGCTTC-CTCCGTATTA_L003_R1_001.fastq.gz,/scratch/gautschi/blackan/GROUSE/nexus/raw/F236_AGCTAGCTTC-CTCCGTATTA_L003_R2_001.fastq.gz
normal,F237,L003,/scratch/gautschi/blackan/GROUSE/nexus/raw/F237_CAATCCTTGT-TGCGTCTTCG_L003_R1_001.fastq.gz,/scratch/gautschi/blackan/GROUSE/nexus/raw/F237_CAATCCTTGT-TGCGTCTTCG_L003_R2_001.fastq.gz
normal,F239,L003,/scratch/gautschi/blackan/GROUSE/nexus/raw/F239_CACCTGTTGC-ATGTGTCAAT_L003_R1_001.fastq.gz,/scratch/gautschi/blackan/GROUSE/nexus/raw/F239_CACCTGTTGC-ATGTGTCAAT_L003_R2_001.fastq.gz
normal,F240,L003,/scratch/gautschi/blackan/GROUSE/nexus/raw/F240_CGTCACCTTG-CAATCGGCTG_L003_R1_001.fastq.gz,/scratch/gautschi/blackan/GROUSE/nexus/raw/F240_CGTCACCTTG-CAATCGGCTG_L003_R2_001.fastq.gz
normal,F242,L003,/scratch/gautschi/blackan/GROUSE/nexus/raw/F242_AATGACTGGT-ACGCGTGAGA_L003_R1_001.fastq.gz,/scratch/gautschi/blackan/GROUSE/nexus/raw/F242_AATGACTGGT-ACGCGTGAGA_L003_R2_001.fastq.gz
normal,F243,L003,/scratch/gautschi/blackan/GROUSE/nexus/raw/F243_ATGATTCCGG-CACGTCAGAG_L003_R1_001.fastq.gz,/scratch/gautschi/blackan/GROUSE/nexus/raw/F243_ATGATTCCGG-CACGTCAGAG_L003_R2_001.fastq.gz
normal,F245,L003,/scratch/gautschi/blackan/GROUSE/nexus/raw/F245_TGTAAGGTGG-CCAAGGCCTT_L003_R1_001.fastq.gz,/scratch/gautschi/blackan/GROUSE/nexus/raw/F245_TGTAAGGTGG-CCAAGGCCTT_L003_R2_001.fastq.gz
normal,F246,L003,/scratch/gautschi/blackan/GROUSE/nexus/raw/F246_CAACTGCAAC-GTTGCGTTCA_L003_R1_001.fastq.gz,/scratch/gautschi/blackan/GROUSE/nexus/raw/F246_CAACTGCAAC-GTTGCGTTCA_L003_R2_001.fastq.gz
normal,F247,L003,/scratch/gautschi/blackan/GROUSE/nexus/raw/F247_ACATGAGTGA-AGCTAAGCGG_L003_R1_001.fastq.gz,/scratch/gautschi/blackan/GROUSE/nexus/raw/F247_ACATGAGTGA-AGCTAAGCGG_L003_R2_001.fastq.gz
normal,F248,L003,/scratch/gautschi/blackan/GROUSE/nexus/raw/F248_GCAACCAGTC-TTCCTCGGTG_L003_R1_001.fastq.gz,/scratch/gautschi/blackan/GROUSE/nexus/raw/F248_GCAACCAGTC-TTCCTCGGTG_L003_R2_001.fastq.gz
normal,F249,L003,/scratch/gautschi/blackan/GROUSE/nexus/raw/F249_GAGCGACGAT-TGATTATACG_L003_R1_001.fastq.gz,/scratch/gautschi/blackan/GROUSE/nexus/raw/F249_GAGCGACGAT-TGATTATACG_L003_R2_001.fastq.gz
normal,F250,L003,/scratch/gautschi/blackan/GROUSE/nexus/raw/F250_CGAACGCACC-GTTCTGTCAT_L003_R1_001.fastq.gz,/scratch/gautschi/blackan/GROUSE/nexus/raw/F250_CGAACGCACC-GTTCTGTCAT_L003_R2_001.fastq.gz
normal,F251,L003,/scratch/gautschi/blackan/GROUSE/nexus/raw/F251_TCTTACGCCG-TGCAATGAAT_L003_R1_001.fastq.gz,/scratch/gautschi/blackan/GROUSE/nexus/raw/F251_TCTTACGCCG-TGCAATGAAT_L003_R2_001.fastq.gz
normal,F252,L003,/scratch/gautschi/blackan/GROUSE/nexus/raw/F252_AGCTGATGTC-CAGGACATGA_L003_R1_001.fastq.gz,/scratch/gautschi/blackan/GROUSE/nexus/raw/F252_AGCTGATGTC-CAGGACATGA_L003_R2_001.fastq.gz
normal,F253,L003,/scratch/gautschi/blackan/GROUSE/nexus/raw/F253_CTGAATTAGT-CGATCGAATT_L003_R1_001.fastq.gz,/scratch/gautschi/blackan/GROUSE/nexus/raw/F253_CTGAATTAGT-CGATCGAATT_L003_R2_001.fastq.gz
normal,F254,L003,/scratch/gautschi/blackan/GROUSE/nexus/raw/F254_TAAGGAGGAA-AATGTCGGAA_L003_R1_001.fastq.gz,/scratch/gautschi/blackan/GROUSE/nexus/raw/F254_TAAGGAGGAA-AATGTCGGAA_L003_R2_001.fastq.gz
normal,F255,L003,/scratch/gautschi/blackan/GROUSE/nexus/raw/F255_AGCTTACACA-GGTCGTGCCA_L003_R1_001.fastq.gz,/scratch/gautschi/blackan/GROUSE/nexus/raw/F255_AGCTTACACA-GGTCGTGCCA_L003_R2_001.fastq.gz
normal,F256,L003,/scratch/gautschi/blackan/GROUSE/nexus/raw/F256_AACCAGCCAC-GTGCTGTGGC_L003_R1_001.fastq.gz,/scratch/gautschi/blackan/GROUSE/nexus/raw/F256_AACCAGCCAC-GTGCTGTGGC_L003_R2_001.fastq.gz
normal,F257,L003,/scratch/gautschi/blackan/GROUSE/nexus/raw/F257_CTTAAGTCGA-ACAACTACTG_L003_R1_001.fastq.gz,/scratch/gautschi/blackan/GROUSE/nexus/raw/F257_CTTAAGTCGA-ACAACTACTG_L003_R2_001.fastq.gz
normal,F258,L003,/scratch/gautschi/blackan/GROUSE/nexus/raw/F258_GCCTAACGTG-CTTGAGAGCT_L003_R1_001.fastq.gz,/scratch/gautschi/blackan/GROUSE/nexus/raw/F258_GCCTAACGTG-CTTGAGAGCT_L003_R2_001.fastq.gz
normal,F259,L003,/scratch/gautschi/blackan/GROUSE/nexus/raw/F259_ACTTACTTCA-TAATTCCAGA_L003_R1_001.fastq.gz,/scratch/gautschi/blackan/GROUSE/nexus/raw/F259_ACTTACTTCA-TAATTCCAGA_L003_R2_001.fastq.gz
normal,F260,L003,/scratch/gautschi/blackan/GROUSE/nexus/raw/F260_CGCATTCCGT-CTCCACTAAT_L003_R1_001.fastq.gz,/scratch/gautschi/blackan/GROUSE/nexus/raw/F260_CGCATTCCGT-CTCCACTAAT_L003_R2_001.fastq.gz
normal,F261,L003,/scratch/gautschi/blackan/GROUSE/nexus/raw/F261_GATATCACAC-ACATATAGTC_L003_R1_001.fastq.gz,/scratch/gautschi/blackan/GROUSE/nexus/raw/F261_GATATCACAC-ACATATAGTC_L003_R2_001.fastq.gz
normal,F262,L003,/scratch/gautschi/blackan/GROUSE/nexus/raw/F262_AGCGCTGTGT-GTTCCGAACG_L003_R1_001.fastq.gz,/scratch/gautschi/blackan/GROUSE/nexus/raw/F262_AGCGCTGTGT-GTTCCGAACG_L003_R2_001.fastq.gz
normal,F264,L003,/scratch/gautschi/blackan/GROUSE/nexus/raw/F264_TCACCGCGCT-CTAGTATCGA_L003_R1_001.fastq.gz,/scratch/gautschi/blackan/GROUSE/nexus/raw/F264_TCACCGCGCT-CTAGTATCGA_L003_R2_001.fastq.gz
normal,F266,L003,/scratch/gautschi/blackan/GROUSE/nexus/raw/F266_GATAGCCTTG-CATTGTGGTA_L003_R1_001.fastq.gz,/scratch/gautschi/blackan/GROUSE/nexus/raw/F266_GATAGCCTTG-CATTGTGGTA_L003_R2_001.fastq.gz
normal,F270,L003,/scratch/gautschi/blackan/GROUSE/nexus/raw/F270_GCATAAGCTT-TGCGACGGAA_L003_R1_001.fastq.gz,/scratch/gautschi/blackan/GROUSE/nexus/raw/F270_GCATAAGCTT-TGCGACGGAA_L003_R2_001.fastq.gz
normal,F271,L003,/scratch/gautschi/blackan/GROUSE/nexus/raw/F271_CCTGGACGCA-TGGTATACCA_L003_R1_001.fastq.gz,/scratch/gautschi/blackan/GROUSE/nexus/raw/F271_CCTGGACGCA-TGGTATACCA_L003_R2_001.fastq.gz
normal,F274,L003,/scratch/gautschi/blackan/GROUSE/nexus/raw/F274_TTACGCACCT-CAACGAGAGC_L003_R1_001.fastq.gz,/scratch/gautschi/blackan/GROUSE/nexus/raw/F274_TTACGCACCT-CAACGAGAGC_L003_R2_001.fastq.gz
normal,F275,L003,/scratch/gautschi/blackan/GROUSE/nexus/raw/F275_TCGTTGCTGC-TTCACGAGAC_L003_R1_001.fastq.gz,/scratch/gautschi/blackan/GROUSE/nexus/raw/F275_TCGTTGCTGC-TTCACGAGAC_L003_R2_001.fastq.gz
normal,F278,L003,/scratch/gautschi/blackan/GROUSE/nexus/raw/F278_CGACAAGGAT-AGGTGGCCTT_L003_R1_001.fastq.gz,/scratch/gautschi/blackan/GROUSE/nexus/raw/F278_CGACAAGGAT-AGGTGGCCTT_L003_R2_001.fastq.gz
normal,F281,L003,/scratch/gautschi/blackan/GROUSE/nexus/raw/F281_GTGTACCTTC-TAGCTCACAG_L003_R1_001.fastq.gz,/scratch/gautschi/blackan/GROUSE/nexus/raw/F281_GTGTACCTTC-TAGCTCACAG_L003_R2_001.fastq.gz
normal,F282,L003,/scratch/gautschi/blackan/GROUSE/nexus/raw/F282_ACCTGGCCAA-CGATCTGTGA_L003_R1_001.fastq.gz,/scratch/gautschi/blackan/GROUSE/nexus/raw/F282_ACCTGGCCAA-CGATCTGTGA_L003_R2_001.fastq.gz
normal,F284,L003,/scratch/gautschi/blackan/GROUSE/nexus/raw/F284_TGTCTGGCCT-ATTGGCTTCT_L003_R1_001.fastq.gz,/scratch/gautschi/blackan/GROUSE/nexus/raw/F284_TGTCTGGCCT-ATTGGCTTCT_L003_R2_001.fastq.gz
normal,F285,L003,/scratch/gautschi/blackan/GROUSE/nexus/raw/F285_AGTTAATGCT-CGGCTGCAGT_L003_R1_001.fastq.gz,/scratch/gautschi/blackan/GROUSE/nexus/raw/F285_AGTTAATGCT-CGGCTGCAGT_L003_R2_001.fastq.gz
normal,F286,L003,/scratch/gautschi/blackan/GROUSE/nexus/raw/F286_GGTGAGTAAT-ACTAGATGTT_L003_R1_001.fastq.gz,/scratch/gautschi/blackan/GROUSE/nexus/raw/F286_GGTGAGTAAT-ACTAGATGTT_L003_R2_001.fastq.gz
normal,F291,L003,/scratch/gautschi/blackan/GROUSE/nexus/raw/F291_TACTCTGCGC-CATAGTAAGG_L003_R1_001.fastq.gz,/scratch/gautschi/blackan/GROUSE/nexus/raw/F291_TACTCTGCGC-CATAGTAAGG_L003_R2_001.fastq.gz
normal,F292,L003,/scratch/gautschi/blackan/GROUSE/nexus/raw/F292_AGGTATGGCG-GTCTCGCCAC_L003_R1_001.fastq.gz,/scratch/gautschi/blackan/GROUSE/nexus/raw/F292_AGGTATGGCG-GTCTCGCCAC_L003_R2_001.fastq.gz
normal,F295,L003,/scratch/gautschi/blackan/GROUSE/nexus/raw/F295_GCCATATAAC-GATATTGTGT_L003_R1_001.fastq.gz,/scratch/gautschi/blackan/GROUSE/nexus/raw/F295_GCCATATAAC-GATATTGTGT_L003_R2_001.fastq.gz
normal,F296,L003,/scratch/gautschi/blackan/GROUSE/nexus/raw/F296_AGTGCGAGTG-ATTACCTCCA_L003_R1_001.fastq.gz,/scratch/gautschi/blackan/GROUSE/nexus/raw/F296_AGTGCGAGTG-ATTACCTCCA_L003_R2_001.fastq.gz
normal,F298,L003,/scratch/gautschi/blackan/GROUSE/nexus/raw/F298_CTGAGCCGGT-TACGTGAAGG_L003_R1_001.fastq.gz,/scratch/gautschi/blackan/GROUSE/nexus/raw/F298_CTGAGCCGGT-TACGTGAAGG_L003_R2_001.fastq.gz
normal,F299,L003,/scratch/gautschi/blackan/GROUSE/nexus/raw/F299_AACGGTCTAT-CCGCGTATAG_L003_R1_001.fastq.gz,/scratch/gautschi/blackan/GROUSE/nexus/raw/F299_AACGGTCTAT-CCGCGTATAG_L003_R2_001.fastq.gz
normal,F2,L003,/scratch/gautschi/blackan/GROUSE/nexus/raw/F2_GAACTGAGCG-CGCTCCACGA_L003_R1_001.fastq.gz,/scratch/gautschi/blackan/GROUSE/nexus/raw/F2_GAACTGAGCG-CGCTCCACGA_L003_R2_001.fastq.gz
normal,F300,L003,/scratch/gautschi/blackan/GROUSE/nexus/raw/F300_GTTGCGTTCA-CAACTGCAAC_L003_R1_001.fastq.gz,/scratch/gautschi/blackan/GROUSE/nexus/raw/F300_GTTGCGTTCA-CAACTGCAAC_L003_R2_001.fastq.gz
normal,F301,L003,/scratch/gautschi/blackan/GROUSE/nexus/raw/F301_CTTCAACCAC-AGGCGCATAA_L003_R1_001.fastq.gz,/scratch/gautschi/blackan/GROUSE/nexus/raw/F301_CTTCAACCAC-AGGCGCATAA_L003_R2_001.fastq.gz
normal,F304,L003,/scratch/gautschi/blackan/GROUSE/nexus/raw/F304_TCTATTCAGT-TGTACTGAGA_L003_R1_001.fastq.gz,/scratch/gautschi/blackan/GROUSE/nexus/raw/F304_TCTATTCAGT-TGTACTGAGA_L003_R2_001.fastq.gz
normal,F305,L003,/scratch/gautschi/blackan/GROUSE/nexus/raw/F305_CAAGACGTCC-TCCGTATACT_L003_R1_001.fastq.gz,/scratch/gautschi/blackan/GROUSE/nexus/raw/F305_CAAGACGTCC-TCCGTATACT_L003_R2_001.fastq.gz
normal,F307,L003,/scratch/gautschi/blackan/GROUSE/nexus/raw/F307_CCGCGGTTCT-AATCTACTCC_L003_R1_001.fastq.gz,/scratch/gautschi/blackan/GROUSE/nexus/raw/F307_CCGCGGTTCT-AATCTACTCC_L003_R2_001.fastq.gz
normal,F310,L003,/scratch/gautschi/blackan/GROUSE/nexus/raw/F310_ATTGATACTG-GGAGCGTGTA_L003_R1_001.fastq.gz,/scratch/gautschi/blackan/GROUSE/nexus/raw/F310_ATTGATACTG-GGAGCGTGTA_L003_R2_001.fastq.gz
normal,F312,L003,/scratch/gautschi/blackan/GROUSE/nexus/raw/F312_TGGTTCTCAT-CGGCCTTGAG_L003_R1_001.fastq.gz,/scratch/gautschi/blackan/GROUSE/nexus/raw/F312_TGGTTCTCAT-CGGCCTTGAG_L003_R2_001.fastq.gz
normal,F315,L003,/scratch/gautschi/blackan/GROUSE/nexus/raw/F315_TCAACCACGA-TATGAACTTG_L003_R1_001.fastq.gz,/scratch/gautschi/blackan/GROUSE/nexus/raw/F315_TCAACCACGA-TATGAACTTG_L003_R2_001.fastq.gz
normal,F316,L003,/scratch/gautschi/blackan/GROUSE/nexus/raw/F316_TATGAACTTG-CCTAAGGATT_L003_R1_001.fastq.gz,/scratch/gautschi/blackan/GROUSE/nexus/raw/F316_TATGAACTTG-CCTAAGGATT_L003_R2_001.fastq.gz
normal,F318,L003,/scratch/gautschi/blackan/GROUSE/nexus/raw/F318_TAATGTGTCT-TATGCCTTAC_L003_R1_001.fastq.gz,/scratch/gautschi/blackan/GROUSE/nexus/raw/F318_TAATGTGTCT-TATGCCTTAC_L003_R2_001.fastq.gz
normal,F323,L003,/scratch/gautschi/blackan/GROUSE/nexus/raw/F323_CACGGAACAA-GTGCTAGGTT_L003_R1_001.fastq.gz,/scratch/gautschi/blackan/GROUSE/nexus/raw/F323_CACGGAACAA-GTGCTAGGTT_L003_R2_001.fastq.gz
normal,F327,L001,/scratch/gautschi/blackan/GROUSE/nexus/raw/F327_AATTCCATCT-GTAACTGAAG_L001_R1_001.fastq.gz,/scratch/gautschi/blackan/GROUSE/nexus/raw/F327_AATTCCATCT-GTAACTGAAG_L001_R2_001.fastq.gz
normal,F328,L001,/scratch/gautschi/blackan/GROUSE/nexus/raw/F328_TTAACGGTGT-ACGGTCAGGA_L001_R1_001.fastq.gz,/scratch/gautschi/blackan/GROUSE/nexus/raw/F328_TTAACGGTGT-ACGGTCAGGA_L001_R2_001.fastq.gz
normal,F331,L003,/scratch/gautschi/blackan/GROUSE/nexus/raw/F331_TGGAGTACTT-TCCACACAGA_L003_R1_001.fastq.gz,/scratch/gautschi/blackan/GROUSE/nexus/raw/F331_TGGAGTACTT-TCCACACAGA_L003_R2_001.fastq.gz
normal,F337,L003,/scratch/gautschi/blackan/GROUSE/nexus/raw/F337_GTATTGACGT-TTGGAATTCC_L003_R1_001.fastq.gz,/scratch/gautschi/blackan/GROUSE/nexus/raw/F337_GTATTGACGT-TTGGAATTCC_L003_R2_001.fastq.gz
normal,F347,L003,/scratch/gautschi/blackan/GROUSE/nexus/raw/F347_CTTGTACACC-AAGCGCGCTT_L003_R1_001.fastq.gz,/scratch/gautschi/blackan/GROUSE/nexus/raw/F347_CTTGTACACC-AAGCGCGCTT_L003_R2_001.fastq.gz
normal,F353,L003,/scratch/gautschi/blackan/GROUSE/nexus/raw/F353_ACACAGGTGG-ACAACGCTCA_L003_R1_001.fastq.gz,/scratch/gautschi/blackan/GROUSE/nexus/raw/F353_ACACAGGTGG-ACAACGCTCA_L003_R2_001.fastq.gz
normal,F354,L003,/scratch/gautschi/blackan/GROUSE/nexus/raw/F354_CCTGCGGAAC-AGCCTATGAT_L003_R1_001.fastq.gz,/scratch/gautschi/blackan/GROUSE/nexus/raw/F354_CCTGCGGAAC-AGCCTATGAT_L003_R2_001.fastq.gz
normal,F355,L003,/scratch/gautschi/blackan/GROUSE/nexus/raw/F355_TTCATAAGGT-CCTTCTAACA_L003_R1_001.fastq.gz,/scratch/gautschi/blackan/GROUSE/nexus/raw/F355_TTCATAAGGT-CCTTCTAACA_L003_R2_001.fastq.gz
normal,F367,L003,/scratch/gautschi/blackan/GROUSE/nexus/raw/F367_AACGCACGAG-TATCCGAGGC_L003_R1_001.fastq.gz,/scratch/gautschi/blackan/GROUSE/nexus/raw/F367_AACGCACGAG-TATCCGAGGC_L003_R2_001.fastq.gz
normal,F369,L003,/scratch/gautschi/blackan/GROUSE/nexus/raw/F369_CTCGCTTCGG-TTGACTAGTA_L003_R1_001.fastq.gz,/scratch/gautschi/blackan/GROUSE/nexus/raw/F369_CTCGCTTCGG-TTGACTAGTA_L003_R2_001.fastq.gz
normal,F370,L00M,/scratch/gautschi/blackan/GROUSE/nexus/raw/F370_AGTCAGACGA-TGTCGCTGGT_L00M_R1_001.fastq.gz,/scratch/gautschi/blackan/GROUSE/nexus/raw/F370_AGTCAGACGA-TGTCGCTGGT_L00M_R2_001.fastq.gz
normal,F372,L00M,/scratch/gautschi/blackan/GROUSE/nexus/raw/F372_CCGTATGTTC-ACAGTGTATG_L00M_R1_001.fastq.gz,/scratch/gautschi/blackan/GROUSE/nexus/raw/F372_CCGTATGTTC-ACAGTGTATG_L00M_R2_001.fastq.gz
normal,F373,L00M,/scratch/gautschi/blackan/GROUSE/nexus/raw/F373_GAGTCATAGG-AGCGCCACAC_L00M_R1_001.fastq.gz,/scratch/gautschi/blackan/GROUSE/nexus/raw/F373_GAGTCATAGG-AGCGCCACAC_L00M_R2_001.fastq.gz
normal,F374,L00M,/scratch/gautschi/blackan/GROUSE/nexus/raw/F374_CTTGCCATTA-CCTTCGTGAT_L00M_R1_001.fastq.gz,/scratch/gautschi/blackan/GROUSE/nexus/raw/F374_CTTGCCATTA-CCTTCGTGAT_L00M_R2_001.fastq.gz
normal,F375,L00M,/scratch/gautschi/blackan/GROUSE/nexus/raw/F375_GAAGCGGCAC-AGTAGAGCCG_L00M_R1_001.fastq.gz,/scratch/gautschi/blackan/GROUSE/nexus/raw/F375_GAAGCGGCAC-AGTAGAGCCG_L00M_R2_001.fastq.gz
normal,F376,L00M,/scratch/gautschi/blackan/GROUSE/nexus/raw/F376_TCCATTGCCG-TCGTGCATTC_L00M_R1_001.fastq.gz,/scratch/gautschi/blackan/GROUSE/nexus/raw/F376_TCCATTGCCG-TCGTGCATTC_L00M_R2_001.fastq.gz
normal,F377,L00M,/scratch/gautschi/blackan/GROUSE/nexus/raw/F377_CGGTTACGGC-CTATAGTCTT_L00M_R1_001.fastq.gz,/scratch/gautschi/blackan/GROUSE/nexus/raw/F377_CGGTTACGGC-CTATAGTCTT_L00M_R2_001.fastq.gz
normal,F378,L00M,/scratch/gautschi/blackan/GROUSE/nexus/raw/F378_GAGAATGGTT-TTGCTGCCGA_L00M_R1_001.fastq.gz,/scratch/gautschi/blackan/GROUSE/nexus/raw/F378_GAGAATGGTT-TTGCTGCCGA_L00M_R2_001.fastq.gz
normal,F379,L00M,/scratch/gautschi/blackan/GROUSE/nexus/raw/F379_AGAGGCAACC-CCATCATTAG_L00M_R1_001.fastq.gz,/scratch/gautschi/blackan/GROUSE/nexus/raw/F379_AGAGGCAACC-CCATCATTAG_L00M_R2_001.fastq.gz
normal,F380,L00M,/scratch/gautschi/blackan/GROUSE/nexus/raw/F380_CCATCATTAG-AGAGGCAACC_L00M_R1_001.fastq.gz,/scratch/gautschi/blackan/GROUSE/nexus/raw/F380_CCATCATTAG-AGAGGCAACC_L00M_R2_001.fastq.gz
normal,F381,L00M,/scratch/gautschi/blackan/GROUSE/nexus/raw/F381_GATAGGCCGA-GCCATGTGCG_L00M_R1_001.fastq.gz,/scratch/gautschi/blackan/GROUSE/nexus/raw/F381_GATAGGCCGA-GCCATGTGCG_L00M_R2_001.fastq.gz
normal,F382,L00M,/scratch/gautschi/blackan/GROUSE/nexus/raw/F382_ATGGTTGACT-AGGACAGGCC_L00M_R1_001.fastq.gz,/scratch/gautschi/blackan/GROUSE/nexus/raw/F382_ATGGTTGACT-AGGACAGGCC_L00M_R2_001.fastq.gz
normal,F384,L00M,/scratch/gautschi/blackan/GROUSE/nexus/raw/F384_ACGCCTTGTT-ACGTTCCTTA_L00M_R1_001.fastq.gz,/scratch/gautschi/blackan/GROUSE/nexus/raw/F384_ACGCCTTGTT-ACGTTCCTTA_L00M_R2_001.fastq.gz
normal,F385,L00M,/scratch/gautschi/blackan/GROUSE/nexus/raw/F385_TTCTACATAC-TTACAGTTAG_L00M_R1_001.fastq.gz,/scratch/gautschi/blackan/GROUSE/nexus/raw/F385_TTCTACATAC-TTACAGTTAG_L00M_R2_001.fastq.gz
normal,F386,L003,/scratch/gautschi/blackan/GROUSE/nexus/raw/F386_AGTCAGACGA-TGTCGCTGGT_L003_R1_001.fastq.gz,/scratch/gautschi/blackan/GROUSE/nexus/raw/F386_AGTCAGACGA-TGTCGCTGGT_L003_R2_001.fastq.gz
normal,F388,L003,/scratch/gautschi/blackan/GROUSE/nexus/raw/F388_CCGTATGTTC-ACAGTGTATG_L003_R1_001.fastq.gz,/scratch/gautschi/blackan/GROUSE/nexus/raw/F388_CCGTATGTTC-ACAGTGTATG_L003_R2_001.fastq.gz
normal,F389,L003,/scratch/gautschi/blackan/GROUSE/nexus/raw/F389_GAGTCATAGG-AGCGCCACAC_L003_R1_001.fastq.gz,/scratch/gautschi/blackan/GROUSE/nexus/raw/F389_GAGTCATAGG-AGCGCCACAC_L003_R2_001.fastq.gz
normal,F390,L003,/scratch/gautschi/blackan/GROUSE/nexus/raw/F390_CTTGCCATTA-CCTTCGTGAT_L003_R1_001.fastq.gz,/scratch/gautschi/blackan/GROUSE/nexus/raw/F390_CTTGCCATTA-CCTTCGTGAT_L003_R2_001.fastq.gz
normal,F391,L00M,/scratch/gautschi/blackan/GROUSE/nexus/raw/F391_AACCATAGAA-CCATCTCGCC_L00M_R1_001.fastq.gz,/scratch/gautschi/blackan/GROUSE/nexus/raw/F391_AACCATAGAA-CCATCTCGCC_L00M_R2_001.fastq.gz
normal,F392,L003,/scratch/gautschi/blackan/GROUSE/nexus/raw/F392_GAAGCGGCAC-AGTAGAGCCG_L003_R1_001.fastq.gz,/scratch/gautschi/blackan/GROUSE/nexus/raw/F392_GAAGCGGCAC-AGTAGAGCCG_L003_R2_001.fastq.gz
normal,F393,L00M,/scratch/gautschi/blackan/GROUSE/nexus/raw/F393_GGTTGCGAGG-TTGCTCTATT_L00M_R1_001.fastq.gz,/scratch/gautschi/blackan/GROUSE/nexus/raw/F393_GGTTGCGAGG-TTGCTCTATT_L00M_R2_001.fastq.gz
normal,F394,L003,/scratch/gautschi/blackan/GROUSE/nexus/raw/F394_TCCATTGCCG-TCGTGCATTC_L003_R1_001.fastq.gz,/scratch/gautschi/blackan/GROUSE/nexus/raw/F394_TCCATTGCCG-TCGTGCATTC_L003_R2_001.fastq.gz
normal,F395,L00M,/scratch/gautschi/blackan/GROUSE/nexus/raw/F395_TAAGCATCCA-AATGGATTGA_L00M_R1_001.fastq.gz,/scratch/gautschi/blackan/GROUSE/nexus/raw/F395_TAAGCATCCA-AATGGATTGA_L00M_R2_001.fastq.gz
normal,F396,L00M,/scratch/gautschi/blackan/GROUSE/nexus/raw/F396_ACCACGACAT-CCGCATACGA_L00M_R1_001.fastq.gz,/scratch/gautschi/blackan/GROUSE/nexus/raw/F396_ACCACGACAT-CCGCATACGA_L00M_R2_001.fastq.gz
normal,F397,L00M,/scratch/gautschi/blackan/GROUSE/nexus/raw/F397_GCCGCACTCT-CGAGGTCGGA_L00M_R1_001.fastq.gz,/scratch/gautschi/blackan/GROUSE/nexus/raw/F397_GCCGCACTCT-CGAGGTCGGA_L00M_R2_001.fastq.gz
normal,F398,L00M,/scratch/gautschi/blackan/GROUSE/nexus/raw/F398_CCACCAGGCA-ATTCCATAAG_L00M_R1_001.fastq.gz,/scratch/gautschi/blackan/GROUSE/nexus/raw/F398_CCACCAGGCA-ATTCCATAAG_L00M_R2_001.fastq.gz
normal,F399,L00M,/scratch/gautschi/blackan/GROUSE/nexus/raw/F399_GTGACACGCA-GTCCGTAAGC_L00M_R1_001.fastq.gz,/scratch/gautschi/blackan/GROUSE/nexus/raw/F399_GTGACACGCA-GTCCGTAAGC_L00M_R2_001.fastq.gz
normal,F39,L00M,/scratch/gautschi/blackan/GROUSE/nexus/raw/F39_CTAGTGCTCT-TACTGTTCCA_L00M_R1_001.fastq.gz,/scratch/gautschi/blackan/GROUSE/nexus/raw/F39_CTAGTGCTCT-TACTGTTCCA_L00M_R2_001.fastq.gz
normal,F3,L003,/scratch/gautschi/blackan/GROUSE/nexus/raw/F3_AGGTCAGATA-TATCTTGTAG_L003_R1_001.fastq.gz,/scratch/gautschi/blackan/GROUSE/nexus/raw/F3_AGGTCAGATA-TATCTTGTAG_L003_R2_001.fastq.gz
normal,F400,L00M,/scratch/gautschi/blackan/GROUSE/nexus/raw/F400_ACAGTGTATG-CCGTATGTTC_L00M_R1_001.fastq.gz,/scratch/gautschi/blackan/GROUSE/nexus/raw/F400_ACAGTGTATG-CCGTATGTTC_L00M_R2_001.fastq.gz
normal,F401,L00M,/scratch/gautschi/blackan/GROUSE/nexus/raw/F401_TGATTATACG-TGTAATCGAC_L00M_R1_001.fastq.gz,/scratch/gautschi/blackan/GROUSE/nexus/raw/F401_TGATTATACG-TGTAATCGAC_L00M_R2_001.fastq.gz
normal,F402,L00M,/scratch/gautschi/blackan/GROUSE/nexus/raw/F402_CAGCCGCGTA-CACGGCTAGT_L00M_R1_001.fastq.gz,/scratch/gautschi/blackan/GROUSE/nexus/raw/F402_CAGCCGCGTA-CACGGCTAGT_L00M_R2_001.fastq.gz
normal,F403,L003,/scratch/gautschi/blackan/GROUSE/nexus/raw/F403_CGGTTACGGC-CTATAGTCTT_L003_R1_001.fastq.gz,/scratch/gautschi/blackan/GROUSE/nexus/raw/F403_CGGTTACGGC-CTATAGTCTT_L003_R2_001.fastq.gz
normal,F404,L003,/scratch/gautschi/blackan/GROUSE/nexus/raw/F404_GAGAATGGTT-TTGCTGCCGA_L003_R1_001.fastq.gz,/scratch/gautschi/blackan/GROUSE/nexus/raw/F404_GAGAATGGTT-TTGCTGCCGA_L003_R2_001.fastq.gz
normal,F405,L00M,/scratch/gautschi/blackan/GROUSE/nexus/raw/F405_GGTAACTCGC-TCACCAACTT_L00M_R1_001.fastq.gz,/scratch/gautschi/blackan/GROUSE/nexus/raw/F405_GGTAACTCGC-TCACCAACTT_L00M_R2_001.fastq.gz
normal,F406,L00M,/scratch/gautschi/blackan/GROUSE/nexus/raw/F406_ACCGGCCGTA-AATATTGCCA_L00M_R1_001.fastq.gz,/scratch/gautschi/blackan/GROUSE/nexus/raw/F406_ACCGGCCGTA-AATATTGCCA_L00M_R2_001.fastq.gz
normal,F407,L003,/scratch/gautschi/blackan/GROUSE/nexus/raw/F407_AGAGGCAACC-CCATCATTAG_L003_R1_001.fastq.gz,/scratch/gautschi/blackan/GROUSE/nexus/raw/F407_AGAGGCAACC-CCATCATTAG_L003_R2_001.fastq.gz
normal,F408,L00M,/scratch/gautschi/blackan/GROUSE/nexus/raw/F408_TGTAATCGAC-CGCGGTGATC_L00M_R1_001.fastq.gz,/scratch/gautschi/blackan/GROUSE/nexus/raw/F408_TGTAATCGAC-CGCGGTGATC_L00M_R2_001.fastq.gz
normal,F409,L00M,/scratch/gautschi/blackan/GROUSE/nexus/raw/F409_GTGCAGACAG-ACGGATGGTA_L00M_R1_001.fastq.gz,/scratch/gautschi/blackan/GROUSE/nexus/raw/F409_GTGCAGACAG-ACGGATGGTA_L00M_R2_001.fastq.gz
normal,F410,L003,/scratch/gautschi/blackan/GROUSE/nexus/raw/F410_CCATCATTAG-AGAGGCAACC_L003_R1_001.fastq.gz,/scratch/gautschi/blackan/GROUSE/nexus/raw/F410_CCATCATTAG-AGAGGCAACC_L003_R2_001.fastq.gz
normal,F411,L003,/scratch/gautschi/blackan/GROUSE/nexus/raw/F411_GATAGGCCGA-GCCATGTGCG_L003_R1_001.fastq.gz,/scratch/gautschi/blackan/GROUSE/nexus/raw/F411_GATAGGCCGA-GCCATGTGCG_L003_R2_001.fastq.gz
normal,F412,L00M,/scratch/gautschi/blackan/GROUSE/nexus/raw/F412_CAATCGGCTG-TTCCTACAGC_L00M_R1_001.fastq.gz,/scratch/gautschi/blackan/GROUSE/nexus/raw/F412_CAATCGGCTG-TTCCTACAGC_L00M_R2_001.fastq.gz
normal,F413,L00M,/scratch/gautschi/blackan/GROUSE/nexus/raw/F413_TATGTAGTCA-CATTAGTGCG_L00M_R1_001.fastq.gz,/scratch/gautschi/blackan/GROUSE/nexus/raw/F413_TATGTAGTCA-CATTAGTGCG_L00M_R2_001.fastq.gz
normal,F414,L00M,/scratch/gautschi/blackan/GROUSE/nexus/raw/F414_ACTCGGCAAT-TTCAGTTGTC_L00M_R1_001.fastq.gz,/scratch/gautschi/blackan/GROUSE/nexus/raw/F414_ACTCGGCAAT-TTCAGTTGTC_L00M_R2_001.fastq.gz
normal,F415,L00M,/scratch/gautschi/blackan/GROUSE/nexus/raw/F415_GTCTAATGGC-CCTGACCACT_L00M_R1_001.fastq.gz,/scratch/gautschi/blackan/GROUSE/nexus/raw/F415_GTCTAATGGC-CCTGACCACT_L00M_R2_001.fastq.gz
normal,F416,L00M,/scratch/gautschi/blackan/GROUSE/nexus/raw/F416_CCATCTCGCC-AACCATAGAA_L00M_R1_001.fastq.gz,/scratch/gautschi/blackan/GROUSE/nexus/raw/F416_CCATCTCGCC-AACCATAGAA_L00M_R2_001.fastq.gz
normal,F417,L00M,/scratch/gautschi/blackan/GROUSE/nexus/raw/F417_CTGCGAGCCA-TGGCCGGATT_L00M_R1_001.fastq.gz,/scratch/gautschi/blackan/GROUSE/nexus/raw/F417_CTGCGAGCCA-TGGCCGGATT_L00M_R2_001.fastq.gz
normal,F419,L00M,/scratch/gautschi/blackan/GROUSE/nexus/raw/F419_CGTTATTCTA-AACCTTATGG_L00M_R1_001.fastq.gz,/scratch/gautschi/blackan/GROUSE/nexus/raw/F419_CGTTATTCTA-AACCTTATGG_L00M_R2_001.fastq.gz
normal,F420,L00M,/scratch/gautschi/blackan/GROUSE/nexus/raw/F420_AGATCCATTA-TGGTAGAGAT_L00M_R1_001.fastq.gz,/scratch/gautschi/blackan/GROUSE/nexus/raw/F420_AGATCCATTA-TGGTAGAGAT_L00M_R2_001.fastq.gz
normal,F421,L00M,/scratch/gautschi/blackan/GROUSE/nexus/raw/F421_GTCCTGGATA-TTCGCCACCG_L00M_R1_001.fastq.gz,/scratch/gautschi/blackan/GROUSE/nexus/raw/F421_GTCCTGGATA-TTCGCCACCG_L00M_R2_001.fastq.gz
normal,F422,L00M,/scratch/gautschi/blackan/GROUSE/nexus/raw/F422_CAGTGGCACT-CCTATTGTTA_L00M_R1_001.fastq.gz,/scratch/gautschi/blackan/GROUSE/nexus/raw/F422_CAGTGGCACT-CCTATTGTTA_L00M_R2_001.fastq.gz
normal,F423,L00M,/scratch/gautschi/blackan/GROUSE/nexus/raw/F423_AGTGTTGCAC-CGTGTACCAG_L00M_R1_001.fastq.gz,/scratch/gautschi/blackan/GROUSE/nexus/raw/F423_AGTGTTGCAC-CGTGTACCAG_L00M_R2_001.fastq.gz
normal,F424,L00M,/scratch/gautschi/blackan/GROUSE/nexus/raw/F424_GACACCATGT-TACACGTTGA_L00M_R1_001.fastq.gz,/scratch/gautschi/blackan/GROUSE/nexus/raw/F424_GACACCATGT-TACACGTTGA_L00M_R2_001.fastq.gz
normal,F425,L003,/scratch/gautschi/blackan/GROUSE/nexus/raw/F425_TATTGCGCTC-CCTAACACAG_L003_R1_001.fastq.gz,/scratch/gautschi/blackan/GROUSE/nexus/raw/F425_TATTGCGCTC-CCTAACACAG_L003_R2_001.fastq.gz
normal,F426,L003,/scratch/gautschi/blackan/GROUSE/nexus/raw/F426_ACGCCTTGTT-ACGTTCCTTA_L003_R1_001.fastq.gz,/scratch/gautschi/blackan/GROUSE/nexus/raw/F426_ACGCCTTGTT-ACGTTCCTTA_L003_R2_001.fastq.gz
normal,F427,L00M,/scratch/gautschi/blackan/GROUSE/nexus/raw/F427_CCTGTCTGTC-TCACAACAGT_L00M_R1_001.fastq.gz,/scratch/gautschi/blackan/GROUSE/nexus/raw/F427_CCTGTCTGTC-TCACAACAGT_L00M_R2_001.fastq.gz
normal,F428,L00M,/scratch/gautschi/blackan/GROUSE/nexus/raw/F428_TGATGTAAGA-AAGGACGCAC_L00M_R1_001.fastq.gz,/scratch/gautschi/blackan/GROUSE/nexus/raw/F428_TGATGTAAGA-AAGGACGCAC_L00M_R2_001.fastq.gz
normal,F429,L00M,/scratch/gautschi/blackan/GROUSE/nexus/raw/F429_GGAATTGTAA-AGGATGTGCT_L00M_R1_001.fastq.gz,/scratch/gautschi/blackan/GROUSE/nexus/raw/F429_GGAATTGTAA-AGGATGTGCT_L00M_R2_001.fastq.gz
normal,F430,L00M,/scratch/gautschi/blackan/GROUSE/nexus/raw/F430_GCATAAGCTT-TGCGACGGAA_L00M_R1_001.fastq.gz,/scratch/gautschi/blackan/GROUSE/nexus/raw/F430_GCATAAGCTT-TGCGACGGAA_L00M_R2_001.fastq.gz
normal,F431,L003,/scratch/gautschi/blackan/GROUSE/nexus/raw/F431_TTCTACATAC-TTACAGTTAG_L003_R1_001.fastq.gz,/scratch/gautschi/blackan/GROUSE/nexus/raw/F431_TTCTACATAC-TTACAGTTAG_L003_R2_001.fastq.gz
normal,F434,L00M,/scratch/gautschi/blackan/GROUSE/nexus/raw/F434_CTGAGGAATA-AGTGGTTAAG_L00M_R1_001.fastq.gz,/scratch/gautschi/blackan/GROUSE/nexus/raw/F434_CTGAGGAATA-AGTGGTTAAG_L00M_R2_001.fastq.gz
normal,F435,L003,/scratch/gautschi/blackan/GROUSE/nexus/raw/F435_AACCATAGAA-CCATCTCGCC_L003_R1_001.fastq.gz,/scratch/gautschi/blackan/GROUSE/nexus/raw/F435_AACCATAGAA-CCATCTCGCC_L003_R2_001.fastq.gz
normal,F436,L003,/scratch/gautschi/blackan/GROUSE/nexus/raw/F436_GGTTGCGAGG-TTGCTCTATT_L003_R1_001.fastq.gz,/scratch/gautschi/blackan/GROUSE/nexus/raw/F436_GGTTGCGAGG-TTGCTCTATT_L003_R2_001.fastq.gz
normal,F437,L00M,/scratch/gautschi/blackan/GROUSE/nexus/raw/F437_AACGCACGAG-TATCCGAGGC_L00M_R1_001.fastq.gz,/scratch/gautschi/blackan/GROUSE/nexus/raw/F437_AACGCACGAG-TATCCGAGGC_L00M_R2_001.fastq.gz
normal,F438,L00M,/scratch/gautschi/blackan/GROUSE/nexus/raw/F438_TCTATCCTAA-CCAGTCGACG_L00M_R1_001.fastq.gz,/scratch/gautschi/blackan/GROUSE/nexus/raw/F438_TCTATCCTAA-CCAGTCGACG_L00M_R2_001.fastq.gz
normal,F439,L00M,/scratch/gautschi/blackan/GROUSE/nexus/raw/F439_CTCGCTTCGG-TTGACTAGTA_L00M_R1_001.fastq.gz,/scratch/gautschi/blackan/GROUSE/nexus/raw/F439_CTCGCTTCGG-TTGACTAGTA_L00M_R2_001.fastq.gz
normal,F440,L00M,/scratch/gautschi/blackan/GROUSE/nexus/raw/F440_CTGTTGGTCC-AACGGTCTAT_L00M_R1_001.fastq.gz,/scratch/gautschi/blackan/GROUSE/nexus/raw/F440_CTGTTGGTCC-AACGGTCTAT_L00M_R2_001.fastq.gz
normal,F441,L00M,/scratch/gautschi/blackan/GROUSE/nexus/raw/F441_TTACCTGGAA-CTGGAACTGT_L00M_R1_001.fastq.gz,/scratch/gautschi/blackan/GROUSE/nexus/raw/F441_TTACCTGGAA-CTGGAACTGT_L00M_R2_001.fastq.gz
normal,F442,L00M,/scratch/gautschi/blackan/GROUSE/nexus/raw/F442_TGGCTAATCA-CTACATGCCT_L00M_R1_001.fastq.gz,/scratch/gautschi/blackan/GROUSE/nexus/raw/F442_TGGCTAATCA-CTACATGCCT_L00M_R2_001.fastq.gz
normal,F443,L00M,/scratch/gautschi/blackan/GROUSE/nexus/raw/F443_AACACTGTTA-TGAGACTTGC_L00M_R1_001.fastq.gz,/scratch/gautschi/blackan/GROUSE/nexus/raw/F443_AACACTGTTA-TGAGACTTGC_L00M_R2_001.fastq.gz
normal,F445,L00M,/scratch/gautschi/blackan/GROUSE/nexus/raw/F445_ATTGCGCGGT-GCGGAGCCAA_L00M_R1_001.fastq.gz,/scratch/gautschi/blackan/GROUSE/nexus/raw/F445_ATTGCGCGGT-GCGGAGCCAA_L00M_R2_001.fastq.gz
normal,F446,L003,/scratch/gautschi/blackan/GROUSE/nexus/raw/F446_ACCACGACAT-CCGCATACGA_L003_R1_001.fastq.gz,/scratch/gautschi/blackan/GROUSE/nexus/raw/F446_ACCACGACAT-CCGCATACGA_L003_R2_001.fastq.gz
normal,F447,L00M,/scratch/gautschi/blackan/GROUSE/nexus/raw/F447_TGGCGCGAAC-AGTATCAGTT_L00M_R1_001.fastq.gz,/scratch/gautschi/blackan/GROUSE/nexus/raw/F447_TGGCGCGAAC-AGTATCAGTT_L00M_R2_001.fastq.gz
normal,F448,L00M,/scratch/gautschi/blackan/GROUSE/nexus/raw/F448_TAATGTGTCT-TATGCCTTAC_L00M_R1_001.fastq.gz,/scratch/gautschi/blackan/GROUSE/nexus/raw/F448_TAATGTGTCT-TATGCCTTAC_L00M_R2_001.fastq.gz
normal,F449,L00M,/scratch/gautschi/blackan/GROUSE/nexus/raw/F449_ATACCAACGC-CGCAGCAATT_L00M_R1_001.fastq.gz,/scratch/gautschi/blackan/GROUSE/nexus/raw/F449_ATACCAACGC-CGCAGCAATT_L00M_R2_001.fastq.gz
normal,F450,L00M,/scratch/gautschi/blackan/GROUSE/nexus/raw/F450_AGGATGTGCT-GGAATTGTAA_L00M_R1_001.fastq.gz,/scratch/gautschi/blackan/GROUSE/nexus/raw/F450_AGGATGTGCT-GGAATTGTAA_L00M_R2_001.fastq.gz
normal,F451,L00M,/scratch/gautschi/blackan/GROUSE/nexus/raw/F451_CACGGAACAA-GTGCTAGGTT_L00M_R1_001.fastq.gz,/scratch/gautschi/blackan/GROUSE/nexus/raw/F451_CACGGAACAA-GTGCTAGGTT_L00M_R2_001.fastq.gz
normal,F452,L003,/scratch/gautschi/blackan/GROUSE/nexus/raw/F452_GCCGCACTCT-CGAGGTCGGA_L003_R1_001.fastq.gz,/scratch/gautschi/blackan/GROUSE/nexus/raw/F452_GCCGCACTCT-CGAGGTCGGA_L003_R2_001.fastq.gz
normal,F453,L00M,/scratch/gautschi/blackan/GROUSE/nexus/raw/F453_TGGAGTACTT-TCCACACAGA_L00M_R1_001.fastq.gz,/scratch/gautschi/blackan/GROUSE/nexus/raw/F453_TGGAGTACTT-TCCACACAGA_L00M_R2_001.fastq.gz
normal,F454,L003,/scratch/gautschi/blackan/GROUSE/nexus/raw/F454_CCACCAGGCA-ATTCCATAAG_L003_R1_001.fastq.gz,/scratch/gautschi/blackan/GROUSE/nexus/raw/F454_CCACCAGGCA-ATTCCATAAG_L003_R2_001.fastq.gz
normal,F456,L003,/scratch/gautschi/blackan/GROUSE/nexus/raw/F456_GTGACACGCA-GTCCGTAAGC_L003_R1_001.fastq.gz,/scratch/gautschi/blackan/GROUSE/nexus/raw/F456_GTGACACGCA-GTCCGTAAGC_L003_R2_001.fastq.gz
normal,F457,L00M,/scratch/gautschi/blackan/GROUSE/nexus/raw/F457_GTATTGACGT-TTGGAATTCC_L00M_R1_001.fastq.gz,/scratch/gautschi/blackan/GROUSE/nexus/raw/F457_GTATTGACGT-TTGGAATTCC_L00M_R2_001.fastq.gz
normal,F458,L00M,/scratch/gautschi/blackan/GROUSE/nexus/raw/F458_CTTGTACACC-AAGCGCGCTT_L00M_R1_001.fastq.gz,/scratch/gautschi/blackan/GROUSE/nexus/raw/F458_CTTGTACACC-AAGCGCGCTT_L00M_R2_001.fastq.gz
normal,F459,L00M,/scratch/gautschi/blackan/GROUSE/nexus/raw/F459_ACACAGGTGG-ACAACGCTCA_L00M_R1_001.fastq.gz,/scratch/gautschi/blackan/GROUSE/nexus/raw/F459_ACACAGGTGG-ACAACGCTCA_L00M_R2_001.fastq.gz
normal,F45,L00M,/scratch/gautschi/blackan/GROUSE/nexus/raw/F45_GATCAAGGCA-ATTAACAAGG_L00M_R1_001.fastq.gz,/scratch/gautschi/blackan/GROUSE/nexus/raw/F45_GATCAAGGCA-ATTAACAAGG_L00M_R2_001.fastq.gz
normal,F460,L00M,/scratch/gautschi/blackan/GROUSE/nexus/raw/F460_CCTGCGGAAC-AGCCTATGAT_L00M_R1_001.fastq.gz,/scratch/gautschi/blackan/GROUSE/nexus/raw/F460_CCTGCGGAAC-AGCCTATGAT_L00M_R2_001.fastq.gz
normal,F461,L00M,/scratch/gautschi/blackan/GROUSE/nexus/raw/F461_TTCATAAGGT-CCTTCTAACA_L00M_R1_001.fastq.gz,/scratch/gautschi/blackan/GROUSE/nexus/raw/F461_TTCATAAGGT-CCTTCTAACA_L00M_R2_001.fastq.gz
normal,F463,L00M,/scratch/gautschi/blackan/GROUSE/nexus/raw/F463_CTGACTCTAC-TGACGGCCGT_L00M_R1_001.fastq.gz,/scratch/gautschi/blackan/GROUSE/nexus/raw/F463_CTGACTCTAC-TGACGGCCGT_L00M_R2_001.fastq.gz
normal,F465,L00M,/scratch/gautschi/blackan/GROUSE/nexus/raw/F465_TCTGGTATCC-GTAAGCAACG_L00M_R1_001.fastq.gz,/scratch/gautschi/blackan/GROUSE/nexus/raw/F465_TCTGGTATCC-GTAAGCAACG_L00M_R2_001.fastq.gz
normal,F466,L00M,/scratch/gautschi/blackan/GROUSE/nexus/raw/F466_CATTAGTGCG-TATGTAGTCA_L00M_R1_001.fastq.gz,/scratch/gautschi/blackan/GROUSE/nexus/raw/F466_CATTAGTGCG-TATGTAGTCA_L00M_R2_001.fastq.gz
normal,F467,L00M,/scratch/gautschi/blackan/GROUSE/nexus/raw/F467_ACGGTCAGGA-AACGAGGCCG_L00M_R1_001.fastq.gz,/scratch/gautschi/blackan/GROUSE/nexus/raw/F467_ACGGTCAGGA-AACGAGGCCG_L00M_R2_001.fastq.gz
normal,F468,L00M,/scratch/gautschi/blackan/GROUSE/nexus/raw/F468_GGCAAGCCAG-CGGATGCTTG_L00M_R1_001.fastq.gz,/scratch/gautschi/blackan/GROUSE/nexus/raw/F468_GGCAAGCCAG-CGGATGCTTG_L00M_R2_001.fastq.gz
normal,F469,L003,/scratch/gautschi/blackan/GROUSE/nexus/raw/F469_ACAGTGTATG-CCGTATGTTC_L003_R1_001.fastq.gz,/scratch/gautschi/blackan/GROUSE/nexus/raw/F469_ACAGTGTATG-CCGTATGTTC_L003_R2_001.fastq.gz
normal,F471,L00M,/scratch/gautschi/blackan/GROUSE/nexus/raw/F471_TGTCGCTGGT-AGTCAGACGA_L00M_R1_001.fastq.gz,/scratch/gautschi/blackan/GROUSE/nexus/raw/F471_TGTCGCTGGT-AGTCAGACGA_L00M_R2_001.fastq.gz
normal,F472,L00M,/scratch/gautschi/blackan/GROUSE/nexus/raw/F472_ACCGTTACAA-TCGCTATGAG_L00M_R1_001.fastq.gz,/scratch/gautschi/blackan/GROUSE/nexus/raw/F472_ACCGTTACAA-TCGCTATGAG_L00M_R2_001.fastq.gz
normal,F473,L00M,/scratch/gautschi/blackan/GROUSE/nexus/raw/F473_TATGCCTTAC-TAATGTGTCT_L00M_R1_001.fastq.gz,/scratch/gautschi/blackan/GROUSE/nexus/raw/F473_TATGCCTTAC-TAATGTGTCT_L00M_R2_001.fastq.gz
normal,F474,L00M,/scratch/gautschi/blackan/GROUSE/nexus/raw/F474_ACAAGTGGAC-AACATCGCGC_L00M_R1_001.fastq.gz,/scratch/gautschi/blackan/GROUSE/nexus/raw/F474_ACAAGTGGAC-AACATCGCGC_L00M_R2_001.fastq.gz
normal,F475,L003,/scratch/gautschi/blackan/GROUSE/nexus/raw/F475_TGATTATACG-TGTAATCGAC_L003_R1_001.fastq.gz,/scratch/gautschi/blackan/GROUSE/nexus/raw/F475_TGATTATACG-TGTAATCGAC_L003_R2_001.fastq.gz
normal,F476,L00M,/scratch/gautschi/blackan/GROUSE/nexus/raw/F476_TGGTACCTAA-AGTACTCATG_L00M_R1_001.fastq.gz,/scratch/gautschi/blackan/GROUSE/nexus/raw/F476_TGGTACCTAA-AGTACTCATG_L00M_R2_001.fastq.gz
normal,F477,L00M,/scratch/gautschi/blackan/GROUSE/nexus/raw/F477_TTGGAATTCC-GTATTGACGT_L00M_R1_001.fastq.gz,/scratch/gautschi/blackan/GROUSE/nexus/raw/F477_TTGGAATTCC-GTATTGACGT_L00M_R2_001.fastq.gz
normal,F478,L00M,/scratch/gautschi/blackan/GROUSE/nexus/raw/F478_CCTCTACATG-AGGAGGTATC_L00M_R1_001.fastq.gz,/scratch/gautschi/blackan/GROUSE/nexus/raw/F478_CCTCTACATG-AGGAGGTATC_L00M_R2_001.fastq.gz
normal,F479,L00M,/scratch/gautschi/blackan/GROUSE/nexus/raw/F479_GGAGCGTGTA-ACTTACGGAT_L00M_R1_001.fastq.gz,/scratch/gautschi/blackan/GROUSE/nexus/raw/F479_GGAGCGTGTA-ACTTACGGAT_L00M_R2_001.fastq.gz
normal,F480,L00M,/scratch/gautschi/blackan/GROUSE/nexus/raw/F480_GTCCGTAAGC-AAGATACACG_L00M_R1_001.fastq.gz,/scratch/gautschi/blackan/GROUSE/nexus/raw/F480_GTCCGTAAGC-AAGATACACG_L00M_R2_001.fastq.gz
normal,F481,L00M,/scratch/gautschi/blackan/GROUSE/nexus/raw/F481_ACTTCAAGCG-TTCATGGTTC_L00M_R1_001.fastq.gz,/scratch/gautschi/blackan/GROUSE/nexus/raw/F481_ACTTCAAGCG-TTCATGGTTC_L00M_R2_001.fastq.gz
normal,F482,L00M,/scratch/gautschi/blackan/GROUSE/nexus/raw/F482_TCAGAAGGCG-TATGATGGCC_L00M_R1_001.fastq.gz,/scratch/gautschi/blackan/GROUSE/nexus/raw/F482_TCAGAAGGCG-TATGATGGCC_L00M_R2_001.fastq.gz
normal,F483,L00M,/scratch/gautschi/blackan/GROUSE/nexus/raw/F483_GCGTTGGTAT-GGAAGTATGT_L00M_R1_001.fastq.gz,/scratch/gautschi/blackan/GROUSE/nexus/raw/F483_GCGTTGGTAT-GGAAGTATGT_L00M_R2_001.fastq.gz
normal,F484,L00M,/scratch/gautschi/blackan/GROUSE/nexus/raw/F484_ACATATCCAG-ATTGCACATA_L00M_R1_001.fastq.gz,/scratch/gautschi/blackan/GROUSE/nexus/raw/F484_ACATATCCAG-ATTGCACATA_L00M_R2_001.fastq.gz
normal,F486,L00M,/scratch/gautschi/blackan/GROUSE/nexus/raw/F486_TCATAGATTG-CACCTTAATC_L00M_R1_001.fastq.gz,/scratch/gautschi/blackan/GROUSE/nexus/raw/F486_TCATAGATTG-CACCTTAATC_L00M_R2_001.fastq.gz
normal,F487,L00M,/scratch/gautschi/blackan/GROUSE/nexus/raw/F487_GTATTCCACC-TTGTCTACAT_L00M_R1_001.fastq.gz,/scratch/gautschi/blackan/GROUSE/nexus/raw/F487_GTATTCCACC-TTGTCTACAT_L00M_R2_001.fastq.gz
normal,F488,L00M,/scratch/gautschi/blackan/GROUSE/nexus/raw/F488_CCTCCGTCCA-CACCGATGTG_L00M_R1_001.fastq.gz,/scratch/gautschi/blackan/GROUSE/nexus/raw/F488_CCTCCGTCCA-CACCGATGTG_L00M_R2_001.fastq.gz
normal,F489,L00M,/scratch/gautschi/blackan/GROUSE/nexus/raw/F489_TGCCGGTCAG-TTGTATCAGG_L00M_R1_001.fastq.gz,/scratch/gautschi/blackan/GROUSE/nexus/raw/F489_TGCCGGTCAG-TTGTATCAGG_L00M_R2_001.fastq.gz
normal,F490,L00M,/scratch/gautschi/blackan/GROUSE/nexus/raw/F490_CACTCAATTC-CACAACTTAA_L00M_R1_001.fastq.gz,/scratch/gautschi/blackan/GROUSE/nexus/raw/F490_CACTCAATTC-CACAACTTAA_L00M_R2_001.fastq.gz
normal,F491,L00M,/scratch/gautschi/blackan/GROUSE/nexus/raw/F491_TCTCACACGC-TCACTGTCCG_L00M_R1_001.fastq.gz,/scratch/gautschi/blackan/GROUSE/nexus/raw/F491_TCTCACACGC-TCACTGTCCG_L00M_R2_001.fastq.gz
normal,F492,L00M,/scratch/gautschi/blackan/GROUSE/nexus/raw/F492_TCAATGGAGA-GTTGTAGTGC_L00M_R1_001.fastq.gz,/scratch/gautschi/blackan/GROUSE/nexus/raw/F492_TCAATGGAGA-GTTGTAGTGC_L00M_R2_001.fastq.gz
normal,F493,L00M,/scratch/gautschi/blackan/GROUSE/nexus/raw/F493_ATATGCATGT-CCAGGCACCA_L00M_R1_001.fastq.gz,/scratch/gautschi/blackan/GROUSE/nexus/raw/F493_ATATGCATGT-CCAGGCACCA_L00M_R2_001.fastq.gz
normal,F494,L00M,/scratch/gautschi/blackan/GROUSE/nexus/raw/F494_ATGGCGCCTG-AGGCCGTGGA_L00M_R1_001.fastq.gz,/scratch/gautschi/blackan/GROUSE/nexus/raw/F494_ATGGCGCCTG-AGGCCGTGGA_L00M_R2_001.fastq.gz
normal,F495,L00M,/scratch/gautschi/blackan/GROUSE/nexus/raw/F495_TCCGTTATGT-TACACTACAA_L00M_R1_001.fastq.gz,/scratch/gautschi/blackan/GROUSE/nexus/raw/F495_TCCGTTATGT-TACACTACAA_L00M_R2_001.fastq.gz
normal,F497,L00M,/scratch/gautschi/blackan/GROUSE/nexus/raw/F497_CAGCAATCGT-ATACATCACA_L00M_R1_001.fastq.gz,/scratch/gautschi/blackan/GROUSE/nexus/raw/F497_CAGCAATCGT-ATACATCACA_L00M_R2_001.fastq.gz
normal,F499,L00M,/scratch/gautschi/blackan/GROUSE/nexus/raw/F499_GAACGCAATA-ACAGTAAGAT_L00M_R1_001.fastq.gz,/scratch/gautschi/blackan/GROUSE/nexus/raw/F499_GAACGCAATA-ACAGTAAGAT_L00M_R2_001.fastq.gz
normal,F501,L00M,/scratch/gautschi/blackan/GROUSE/nexus/raw/F501_GGTAGAATTA-TGATGGCTAC_L00M_R1_001.fastq.gz,/scratch/gautschi/blackan/GROUSE/nexus/raw/F501_GGTAGAATTA-TGATGGCTAC_L00M_R2_001.fastq.gz
normal,F502,L00M,/scratch/gautschi/blackan/GROUSE/nexus/raw/F502_TAATTAGCGT-TTCTTAACCA_L00M_R1_001.fastq.gz,/scratch/gautschi/blackan/GROUSE/nexus/raw/F502_TAATTAGCGT-TTCTTAACCA_L00M_R2_001.fastq.gz
normal,F504,L00M,/scratch/gautschi/blackan/GROUSE/nexus/raw/F504_TGATGGCTAC-ATGTTGTTGG_L00M_R1_001.fastq.gz,/scratch/gautschi/blackan/GROUSE/nexus/raw/F504_TGATGGCTAC-ATGTTGTTGG_L00M_R2_001.fastq.gz
normal,F505,L00M,/scratch/gautschi/blackan/GROUSE/nexus/raw/F505_GAATTACAAG-CTGAGCCGGT_L00M_R1_001.fastq.gz,/scratch/gautschi/blackan/GROUSE/nexus/raw/F505_GAATTACAAG-CTGAGCCGGT_L00M_R2_001.fastq.gz
normal,F506,L00M,/scratch/gautschi/blackan/GROUSE/nexus/raw/F506_TAGAATTGGA-TCAGATTAAC_L00M_R1_001.fastq.gz,/scratch/gautschi/blackan/GROUSE/nexus/raw/F506_TAGAATTGGA-TCAGATTAAC_L00M_R2_001.fastq.gz
normal,F507,L00M,/scratch/gautschi/blackan/GROUSE/nexus/raw/F507_AGGCAGCTCT-ACGTTAGCCG_L00M_R1_001.fastq.gz,/scratch/gautschi/blackan/GROUSE/nexus/raw/F507_AGGCAGCTCT-ACGTTAGCCG_L00M_R2_001.fastq.gz
normal,F508,L003,/scratch/gautschi/blackan/GROUSE/nexus/raw/F508_CAGCCGCGTA-CACGGCTAGT_L003_R1_001.fastq.gz,/scratch/gautschi/blackan/GROUSE/nexus/raw/F508_CAGCCGCGTA-CACGGCTAGT_L003_R2_001.fastq.gz
normal,F509,L00M,/scratch/gautschi/blackan/GROUSE/nexus/raw/F509_ATCGGCGAAG-AATTCTTGGA_L00M_R1_001.fastq.gz,/scratch/gautschi/blackan/GROUSE/nexus/raw/F509_ATCGGCGAAG-AATTCTTGGA_L00M_R2_001.fastq.gz
normal,F510,L00M,/scratch/gautschi/blackan/GROUSE/nexus/raw/F510_CCGTGACCGA-CAACGTTCGG_L00M_R1_001.fastq.gz,/scratch/gautschi/blackan/GROUSE/nexus/raw/F510_CCGTGACCGA-CAACGTTCGG_L00M_R2_001.fastq.gz
normal,F511,L00M,/scratch/gautschi/blackan/GROUSE/nexus/raw/F511_ATACTTGTTC-TCGGCGGTTA_L00M_R1_001.fastq.gz,/scratch/gautschi/blackan/GROUSE/nexus/raw/F511_ATACTTGTTC-TCGGCGGTTA_L00M_R2_001.fastq.gz
normal,F512,L003,/scratch/gautschi/blackan/GROUSE/nexus/raw/F512_GGTAACTCGC-TCACCAACTT_L003_R1_001.fastq.gz,/scratch/gautschi/blackan/GROUSE/nexus/raw/F512_GGTAACTCGC-TCACCAACTT_L003_R2_001.fastq.gz
normal,F513,L00M,/scratch/gautschi/blackan/GROUSE/nexus/raw/F513_TCCGCCAATT-CAGCACGGAG_L00M_R1_001.fastq.gz,/scratch/gautschi/blackan/GROUSE/nexus/raw/F513_TCCGCCAATT-CAGCACGGAG_L00M_R2_001.fastq.gz
normal,F515,L00M,/scratch/gautschi/blackan/GROUSE/nexus/raw/F515_AGAGAACCTA-TAGCATAACC_L00M_R1_001.fastq.gz,/scratch/gautschi/blackan/GROUSE/nexus/raw/F515_AGAGAACCTA-TAGCATAACC_L00M_R2_001.fastq.gz
normal,F516,L00M,/scratch/gautschi/blackan/GROUSE/nexus/raw/F516_GATATTGTGT-ACCGTGTGGT_L00M_R1_001.fastq.gz,/scratch/gautschi/blackan/GROUSE/nexus/raw/F516_GATATTGTGT-ACCGTGTGGT_L00M_R2_001.fastq.gz
normal,F517,L00M,/scratch/gautschi/blackan/GROUSE/nexus/raw/F517_CGTACAGGAA-AGAGAACCTA_L00M_R1_001.fastq.gz,/scratch/gautschi/blackan/GROUSE/nexus/raw/F517_CGTACAGGAA-AGAGAACCTA_L00M_R2_001.fastq.gz
normal,F518,L00M,/scratch/gautschi/blackan/GROUSE/nexus/raw/F518_CTGCGTTACC-TCGAGCCATA_L00M_R1_001.fastq.gz,/scratch/gautschi/blackan/GROUSE/nexus/raw/F518_CTGCGTTACC-TCGAGCCATA_L00M_R2_001.fastq.gz
normal,F519,L00M,/scratch/gautschi/blackan/GROUSE/nexus/raw/F519_AGGCCGTGGA-AACGCACGAG_L00M_R1_001.fastq.gz,/scratch/gautschi/blackan/GROUSE/nexus/raw/F519_AGGCCGTGGA-AACGCACGAG_L00M_R2_001.fastq.gz
normal,F520,L00M,/scratch/gautschi/blackan/GROUSE/nexus/raw/F520_AGGAGGTATC-TGCCAACTGG_L00M_R1_001.fastq.gz,/scratch/gautschi/blackan/GROUSE/nexus/raw/F520_AGGAGGTATC-TGCCAACTGG_L00M_R2_001.fastq.gz
normal,F521,L00M,/scratch/gautschi/blackan/GROUSE/nexus/raw/F521_GCTGACGTTG-AATGCGAACA_L00M_R1_001.fastq.gz,/scratch/gautschi/blackan/GROUSE/nexus/raw/F521_GCTGACGTTG-AATGCGAACA_L00M_R2_001.fastq.gz
normal,F522,L00M,/scratch/gautschi/blackan/GROUSE/nexus/raw/F522_CTAATAACCG-CGATGCGGTT_L00M_R1_001.fastq.gz,/scratch/gautschi/blackan/GROUSE/nexus/raw/F522_CTAATAACCG-CGATGCGGTT_L00M_R2_001.fastq.gz
normal,F523,L00M,/scratch/gautschi/blackan/GROUSE/nexus/raw/F523_TCTAGGCGCG-TTAACCTTCG_L00M_R1_001.fastq.gz,/scratch/gautschi/blackan/GROUSE/nexus/raw/F523_TCTAGGCGCG-TTAACCTTCG_L00M_R2_001.fastq.gz
normal,F525,L00M,/scratch/gautschi/blackan/GROUSE/nexus/raw/F525_TTCGGTGTGA-ATACTTGTTC_L00M_R1_001.fastq.gz,/scratch/gautschi/blackan/GROUSE/nexus/raw/F525_TTCGGTGTGA-ATACTTGTTC_L00M_R2_001.fastq.gz
normal,F526,L00M,/scratch/gautschi/blackan/GROUSE/nexus/raw/F526_ATGTAACGTT-CAGCAATCGT_L00M_R1_001.fastq.gz,/scratch/gautschi/blackan/GROUSE/nexus/raw/F526_ATGTAACGTT-CAGCAATCGT_L00M_R2_001.fastq.gz
normal,F527,L00M,/scratch/gautschi/blackan/GROUSE/nexus/raw/F527_AACGAGGCCG-ATCCAGGTAT_L00M_R1_001.fastq.gz,/scratch/gautschi/blackan/GROUSE/nexus/raw/F527_AACGAGGCCG-ATCCAGGTAT_L00M_R2_001.fastq.gz
normal,F528,L00M,/scratch/gautschi/blackan/GROUSE/nexus/raw/F528_TGGTGTTATG-TAGAATTGGA_L00M_R1_001.fastq.gz,/scratch/gautschi/blackan/GROUSE/nexus/raw/F528_TGGTGTTATG-TAGAATTGGA_L00M_R2_001.fastq.gz
normal,F529,L003,/scratch/gautschi/blackan/GROUSE/nexus/raw/F529_ACCGGCCGTA-AATATTGCCA_L003_R1_001.fastq.gz,/scratch/gautschi/blackan/GROUSE/nexus/raw/F529_ACCGGCCGTA-AATATTGCCA_L003_R2_001.fastq.gz
normal,F530,L00M,/scratch/gautschi/blackan/GROUSE/nexus/raw/F530_TGGCCTCTGT-CGCTGTCTCA_L00M_R1_001.fastq.gz,/scratch/gautschi/blackan/GROUSE/nexus/raw/F530_TGGCCTCTGT-CGCTGTCTCA_L00M_R2_001.fastq.gz
normal,F531,L00M,/scratch/gautschi/blackan/GROUSE/nexus/raw/F531_CCAGGCACCA-TAATTAGCGT_L00M_R1_001.fastq.gz,/scratch/gautschi/blackan/GROUSE/nexus/raw/F531_CCAGGCACCA-TAATTAGCGT_L00M_R2_001.fastq.gz
normal,F532,L00M,/scratch/gautschi/blackan/GROUSE/nexus/raw/F532_CCGGTTCCTA-CTCGAATATA_L00M_R1_001.fastq.gz,/scratch/gautschi/blackan/GROUSE/nexus/raw/F532_CCGGTTCCTA-CTCGAATATA_L00M_R2_001.fastq.gz
normal,F534,L00M,/scratch/gautschi/blackan/GROUSE/nexus/raw/F534_GGCCAATATT-TATCGGACCG_L00M_R1_001.fastq.gz,/scratch/gautschi/blackan/GROUSE/nexus/raw/F534_GGCCAATATT-TATCGGACCG_L00M_R2_001.fastq.gz
normal,F535,L00M,/scratch/gautschi/blackan/GROUSE/nexus/raw/F535_GAATACCTAT-ACTCTATTGT_L00M_R1_001.fastq.gz,/scratch/gautschi/blackan/GROUSE/nexus/raw/F535_GAATACCTAT-ACTCTATTGT_L00M_R2_001.fastq.gz
normal,F536,L00M,/scratch/gautschi/blackan/GROUSE/nexus/raw/F536_TACGTGAAGG-CTAATAACCG_L00M_R1_001.fastq.gz,/scratch/gautschi/blackan/GROUSE/nexus/raw/F536_TACGTGAAGG-CTAATAACCG_L00M_R2_001.fastq.gz
normal,F539,L00M,/scratch/gautschi/blackan/GROUSE/nexus/raw/F539_GTTGGATGAA-TTACCTGGAA_L00M_R1_001.fastq.gz,/scratch/gautschi/blackan/GROUSE/nexus/raw/F539_GTTGGATGAA-TTACCTGGAA_L00M_R2_001.fastq.gz
normal,F540,L00M,/scratch/gautschi/blackan/GROUSE/nexus/raw/F540_AATCCAATTG-CCTCTACATG_L00M_R1_001.fastq.gz,/scratch/gautschi/blackan/GROUSE/nexus/raw/F540_AATCCAATTG-CCTCTACATG_L00M_R2_001.fastq.gz
normal,F541,L00M,/scratch/gautschi/blackan/GROUSE/nexus/raw/F541_TATGATGGCC-TATGACAATC_L00M_R1_001.fastq.gz,/scratch/gautschi/blackan/GROUSE/nexus/raw/F541_TATGATGGCC-TATGACAATC_L00M_R2_001.fastq.gz
normal,F542,L00M,/scratch/gautschi/blackan/GROUSE/nexus/raw/F542_CGCAGCAATT-ATAGCGGAAT_L00M_R1_001.fastq.gz,/scratch/gautschi/blackan/GROUSE/nexus/raw/F542_CGCAGCAATT-ATAGCGGAAT_L00M_R2_001.fastq.gz
normal,F543,L00M,/scratch/gautschi/blackan/GROUSE/nexus/raw/F543_ACGTTCCTTA-CACAGCGGTC_L00M_R1_001.fastq.gz,/scratch/gautschi/blackan/GROUSE/nexus/raw/F543_ACGTTCCTTA-CACAGCGGTC_L00M_R2_001.fastq.gz
normal,F544,L00M,/scratch/gautschi/blackan/GROUSE/nexus/raw/F544_CCGCGTATAG-CCGGTTCCTA_L00M_R1_001.fastq.gz,/scratch/gautschi/blackan/GROUSE/nexus/raw/F544_CCGCGTATAG-CCGGTTCCTA_L00M_R2_001.fastq.gz
normal,F545,L00M,/scratch/gautschi/blackan/GROUSE/nexus/raw/F545_GATTCTGAAT-GTCCACCGCT_L00M_R1_001.fastq.gz,/scratch/gautschi/blackan/GROUSE/nexus/raw/F545_GATTCTGAAT-GTCCACCGCT_L00M_R2_001.fastq.gz
normal,F546,L00M,/scratch/gautschi/blackan/GROUSE/nexus/raw/F546_TAGAGAATAC-CGAATCTATA_L00M_R1_001.fastq.gz,/scratch/gautschi/blackan/GROUSE/nexus/raw/F546_TAGAGAATAC-CGAATCTATA_L00M_R2_001.fastq.gz
normal,F547,L00M,/scratch/gautschi/blackan/GROUSE/nexus/raw/F547_TTGTATCAGG-TGGCCTCTGT_L00M_R1_001.fastq.gz,/scratch/gautschi/blackan/GROUSE/nexus/raw/F547_TTGTATCAGG-TGGCCTCTGT_L00M_R2_001.fastq.gz
normal,F548,L00M,/scratch/gautschi/blackan/GROUSE/nexus/raw/F548_CACAGCGGTC-CAATAGGAAT_L00M_R1_001.fastq.gz,/scratch/gautschi/blackan/GROUSE/nexus/raw/F548_CACAGCGGTC-CAATAGGAAT_L00M_R2_001.fastq.gz
normal,F549,L00M,/scratch/gautschi/blackan/GROUSE/nexus/raw/F549_CCACGCTGAA-CTGAGGAATA_L00M_R1_001.fastq.gz,/scratch/gautschi/blackan/GROUSE/nexus/raw/F549_CCACGCTGAA-CTGAGGAATA_L00M_R2_001.fastq.gz
normal,F550,L00M,/scratch/gautschi/blackan/GROUSE/nexus/raw/F550_GTTCGGAGTT-TCAGAAGGCG_L00M_R1_001.fastq.gz,/scratch/gautschi/blackan/GROUSE/nexus/raw/F550_GTTCGGAGTT-TCAGAAGGCG_L00M_R2_001.fastq.gz
normal,F551,L00M,/scratch/gautschi/blackan/GROUSE/nexus/raw/F551_ATAGCGGAAT-TACTCTGCGC_L00M_R1_001.fastq.gz,/scratch/gautschi/blackan/GROUSE/nexus/raw/F551_ATAGCGGAAT-TACTCTGCGC_L00M_R2_001.fastq.gz
normal,F552,L00M,/scratch/gautschi/blackan/GROUSE/nexus/raw/F552_GCAATATTCA-AATTGGCGCC_L00M_R1_001.fastq.gz,/scratch/gautschi/blackan/GROUSE/nexus/raw/F552_GCAATATTCA-AATTGGCGCC_L00M_R2_001.fastq.gz
normal,F554,L00M,/scratch/gautschi/blackan/GROUSE/nexus/raw/F554_CTAGATTGCG-CGCCATATCT_L00M_R1_001.fastq.gz,/scratch/gautschi/blackan/GROUSE/nexus/raw/F554_CTAGATTGCG-CGCCATATCT_L00M_R2_001.fastq.gz
normal,F555,L00M,/scratch/gautschi/blackan/GROUSE/nexus/raw/F555_CGATGCGGTT-ACCAAGCAGG_L00M_R1_001.fastq.gz,/scratch/gautschi/blackan/GROUSE/nexus/raw/F555_CGATGCGGTT-ACCAAGCAGG_L00M_R2_001.fastq.gz
normal,F556,L00M,/scratch/gautschi/blackan/GROUSE/nexus/raw/F556_TCCGGACTAG-ATTGTTCGTC_L00M_R1_001.fastq.gz,/scratch/gautschi/blackan/GROUSE/nexus/raw/F556_TCCGGACTAG-ATTGTTCGTC_L00M_R2_001.fastq.gz
normal,F557,L00M,/scratch/gautschi/blackan/GROUSE/nexus/raw/F557_GTGACGGAGC-TGGACCGCCA_L00M_R1_001.fastq.gz,/scratch/gautschi/blackan/GROUSE/nexus/raw/F557_GTGACGGAGC-TGGACCGCCA_L00M_R2_001.fastq.gz
normal,F558,L00M,/scratch/gautschi/blackan/GROUSE/nexus/raw/F558_AATTCCATCT-GTAACTGAAG_L00M_R1_001.fastq.gz,/scratch/gautschi/blackan/GROUSE/nexus/raw/F558_AATTCCATCT-GTAACTGAAG_L00M_R2_001.fastq.gz
normal,F559,L00M,/scratch/gautschi/blackan/GROUSE/nexus/raw/F559_TTAACGGTGT-ACGGTCAGGA_L00M_R1_001.fastq.gz,/scratch/gautschi/blackan/GROUSE/nexus/raw/F559_TTAACGGTGT-ACGGTCAGGA_L00M_R2_001.fastq.gz
normal,F560,L003,/scratch/gautschi/blackan/GROUSE/nexus/raw/F560_TGTAATCGAC-CGCGGTGATC_L003_R1_001.fastq.gz,/scratch/gautschi/blackan/GROUSE/nexus/raw/F560_TGTAATCGAC-CGCGGTGATC_L003_R2_001.fastq.gz
normal,F561,L00M,/scratch/gautschi/blackan/GROUSE/nexus/raw/F561_ACTTGTTATC-TCTAGGCGCG_L00M_R1_001.fastq.gz,/scratch/gautschi/blackan/GROUSE/nexus/raw/F561_ACTTGTTATC-TCTAGGCGCG_L00M_R2_001.fastq.gz
normal,F562,L00M,/scratch/gautschi/blackan/GROUSE/nexus/raw/F562_CGTGTACCAG-AACTTATCCT_L00M_R1_001.fastq.gz,/scratch/gautschi/blackan/GROUSE/nexus/raw/F562_CGTGTACCAG-AACTTATCCT_L00M_R2_001.fastq.gz
normal,F563,L00M,/scratch/gautschi/blackan/GROUSE/nexus/raw/F563_TTAACCTTCG-TGTCTGGCCT_L00M_R1_001.fastq.gz,/scratch/gautschi/blackan/GROUSE/nexus/raw/F563_TTAACCTTCG-TGTCTGGCCT_L00M_R2_001.fastq.gz
normal,F564,L00M,/scratch/gautschi/blackan/GROUSE/nexus/raw/F564_CATATGCGAT-CCGTTCAAGG_L00M_R1_001.fastq.gz,/scratch/gautschi/blackan/GROUSE/nexus/raw/F564_CATATGCGAT-CCGTTCAAGG_L00M_R2_001.fastq.gz
normal,F565,L00M,/scratch/gautschi/blackan/GROUSE/nexus/raw/F565_AGCCTATGAT-GTAGGTGGTG_L00M_R1_001.fastq.gz,/scratch/gautschi/blackan/GROUSE/nexus/raw/F565_AGCCTATGAT-GTAGGTGGTG_L00M_R2_001.fastq.gz
normal,F566,L00M,/scratch/gautschi/blackan/GROUSE/nexus/raw/F566_TATGACAATC-ATACAAGCAA_L00M_R1_001.fastq.gz,/scratch/gautschi/blackan/GROUSE/nexus/raw/F566_TATGACAATC-ATACAAGCAA_L00M_R2_001.fastq.gz
normal,F567,L00M,/scratch/gautschi/blackan/GROUSE/nexus/raw/F567_ATGTTGTTGG-TCATAGATTG_L00M_R1_001.fastq.gz,/scratch/gautschi/blackan/GROUSE/nexus/raw/F567_ATGTTGTTGG-TCATAGATTG_L00M_R2_001.fastq.gz
normal,F568,L00M,/scratch/gautschi/blackan/GROUSE/nexus/raw/F568_GCACCACCAA-ATCAGTACCA_L00M_R1_001.fastq.gz,/scratch/gautschi/blackan/GROUSE/nexus/raw/F568_GCACCACCAA-ATCAGTACCA_L00M_R2_001.fastq.gz
normal,F569,L00M,/scratch/gautschi/blackan/GROUSE/nexus/raw/F569_AGGCGTTCGC-GTTGGATGAA_L00M_R1_001.fastq.gz,/scratch/gautschi/blackan/GROUSE/nexus/raw/F569_AGGCGTTCGC-GTTGGATGAA_L00M_R2_001.fastq.gz
normal,F570,L00M,/scratch/gautschi/blackan/GROUSE/nexus/raw/F570_CCTCCGGTTG-TGGTGTTATG_L00M_R1_001.fastq.gz,/scratch/gautschi/blackan/GROUSE/nexus/raw/F570_CCTCCGGTTG-TGGTGTTATG_L00M_R2_001.fastq.gz
normal,F571,L00M,/scratch/gautschi/blackan/GROUSE/nexus/raw/F571_GTCCACCGCT-GCTAATAGGA_L00M_R1_001.fastq.gz,/scratch/gautschi/blackan/GROUSE/nexus/raw/F571_GTCCACCGCT-GCTAATAGGA_L00M_R2_001.fastq.gz
normal,F572,L00M,/scratch/gautschi/blackan/GROUSE/nexus/raw/F572_ATTGTTCGTC-AATCTAGAGA_L00M_R1_001.fastq.gz,/scratch/gautschi/blackan/GROUSE/nexus/raw/F572_ATTGTTCGTC-AATCTAGAGA_L00M_R2_001.fastq.gz
normal,F573,L00M,/scratch/gautschi/blackan/GROUSE/nexus/raw/F573_GGACCAGTGG-TAGGCTCGCG_L00M_R1_001.fastq.gz,/scratch/gautschi/blackan/GROUSE/nexus/raw/F573_GGACCAGTGG-TAGGCTCGCG_L00M_R2_001.fastq.gz
normal,F574,L00M,/scratch/gautschi/blackan/GROUSE/nexus/raw/F574_CCTTCTAACA-AGAGCTTATC_L00M_R1_001.fastq.gz,/scratch/gautschi/blackan/GROUSE/nexus/raw/F574_CCTTCTAACA-AGAGCTTATC_L00M_R2_001.fastq.gz
normal,F575,L00M,/scratch/gautschi/blackan/GROUSE/nexus/raw/F575_CTCGAATATA-TCGACATCTC_L00M_R1_001.fastq.gz,/scratch/gautschi/blackan/GROUSE/nexus/raw/F575_CTCGAATATA-TCGACATCTC_L00M_R2_001.fastq.gz
normal,F576,L00M,/scratch/gautschi/blackan/GROUSE/nexus/raw/F576_GATCGTCGCG-ACATATCCAG_L00M_R1_001.fastq.gz,/scratch/gautschi/blackan/GROUSE/nexus/raw/F576_GATCGTCGCG-ACATATCCAG_L00M_R2_001.fastq.gz
normal,F577,L00M,/scratch/gautschi/blackan/GROUSE/nexus/raw/F577_TATCCGAGGC-CTTATTGGCC_L00M_R1_001.fastq.gz,/scratch/gautschi/blackan/GROUSE/nexus/raw/F577_TATCCGAGGC-CTTATTGGCC_L00M_R2_001.fastq.gz
normal,F578,L00M,/scratch/gautschi/blackan/GROUSE/nexus/raw/F578_CGCTGTCTCA-GGTGAGTAAT_L00M_R1_001.fastq.gz,/scratch/gautschi/blackan/GROUSE/nexus/raw/F578_CGCTGTCTCA-GGTGAGTAAT_L00M_R2_001.fastq.gz
normal,F579,L00M,/scratch/gautschi/blackan/GROUSE/nexus/raw/F579_AATGCGAACA-TCCGCCAATT_L00M_R1_001.fastq.gz,/scratch/gautschi/blackan/GROUSE/nexus/raw/F579_AATGCGAACA-TCCGCCAATT_L00M_R2_001.fastq.gz
normal,F580,L00M,/scratch/gautschi/blackan/GROUSE/nexus/raw/F580_AATTCTTGGA-AAGTTGACAA_L00M_R1_001.fastq.gz,/scratch/gautschi/blackan/GROUSE/nexus/raw/F580_AATTCTTGGA-AAGTTGACAA_L00M_R2_001.fastq.gz
normal,F581,L00M,/scratch/gautschi/blackan/GROUSE/nexus/raw/F581_TTCCTACAGC-AGAATTCGCC_L00M_R1_001.fastq.gz,/scratch/gautschi/blackan/GROUSE/nexus/raw/F581_TTCCTACAGC-AGAATTCGCC_L00M_R2_001.fastq.gz
normal,F582,L00M,/scratch/gautschi/blackan/GROUSE/nexus/raw/F582_ATCCAGGTAT-GCTGACGTTG_L00M_R1_001.fastq.gz,/scratch/gautschi/blackan/GROUSE/nexus/raw/F582_ATCCAGGTAT-GCTGACGTTG_L00M_R2_001.fastq.gz
normal,F583,L00M,/scratch/gautschi/blackan/GROUSE/nexus/raw/F583_ACGGTCCAAC-TGATGTAAGA_L00M_R1_001.fastq.gz,/scratch/gautschi/blackan/GROUSE/nexus/raw/F583_ACGGTCCAAC-TGATGTAAGA_L00M_R2_001.fastq.gz
normal,F584,L00M,/scratch/gautschi/blackan/GROUSE/nexus/raw/F584_GTAACTTGGT-AGGTATGGCG_L00M_R1_001.fastq.gz,/scratch/gautschi/blackan/GROUSE/nexus/raw/F584_GTAACTTGGT-AGGTATGGCG_L00M_R2_001.fastq.gz
normal,F585,L00M,/scratch/gautschi/blackan/GROUSE/nexus/raw/F585_AGCGCCACAC-AAGACATTAG_L00M_R1_001.fastq.gz,/scratch/gautschi/blackan/GROUSE/nexus/raw/F585_AGCGCCACAC-AAGACATTAG_L00M_R2_001.fastq.gz
normal,F586,L00M,/scratch/gautschi/blackan/GROUSE/nexus/raw/F586_TGCTACTGCC-CCTCCGGTTG_L00M_R1_001.fastq.gz,/scratch/gautschi/blackan/GROUSE/nexus/raw/F586_TGCTACTGCC-CCTCCGGTTG_L00M_R2_001.fastq.gz
normal,F587,L00M,/scratch/gautschi/blackan/GROUSE/nexus/raw/F587_CAACACCGCA-TGCTACTGCC_L00M_R1_001.fastq.gz,/scratch/gautschi/blackan/GROUSE/nexus/raw/F587_CAACACCGCA-TGCTACTGCC_L00M_R2_001.fastq.gz
normal,F588,L00M,/scratch/gautschi/blackan/GROUSE/nexus/raw/F588_CACCTTAATC-TCTATCCTAA_L00M_R1_001.fastq.gz,/scratch/gautschi/blackan/GROUSE/nexus/raw/F588_CACCTTAATC-TCTATCCTAA_L00M_R2_001.fastq.gz
normal,F589,L00M,/scratch/gautschi/blackan/GROUSE/nexus/raw/F589_TTGAATGTTG-CTAGATTGCG_L00M_R1_001.fastq.gz,/scratch/gautschi/blackan/GROUSE/nexus/raw/F589_TTGAATGTTG-CTAGATTGCG_L00M_R2_001.fastq.gz
normal,F590,L00M,/scratch/gautschi/blackan/GROUSE/nexus/raw/F590_CCGGTAACAC-AGTACAACTC_L00M_R1_001.fastq.gz,/scratch/gautschi/blackan/GROUSE/nexus/raw/F590_CCGGTAACAC-AGTACAACTC_L00M_R2_001.fastq.gz
normal,F591,L00M,/scratch/gautschi/blackan/GROUSE/nexus/raw/F591_TCTCATGATA-TCCACGTGTT_L00M_R1_001.fastq.gz,/scratch/gautschi/blackan/GROUSE/nexus/raw/F591_TCTCATGATA-TCCACGTGTT_L00M_R2_001.fastq.gz
normal,F592,L00M,/scratch/gautschi/blackan/GROUSE/nexus/raw/F592_CGAGGCCAAG-CCGGTAACAC_L00M_R1_001.fastq.gz,/scratch/gautschi/blackan/GROUSE/nexus/raw/F592_CGAGGCCAAG-CCGGTAACAC_L00M_R2_001.fastq.gz
normal,F593,L00M,/scratch/gautschi/blackan/GROUSE/nexus/raw/F593_TTCACGAGAC-GTAACAATCT_L00M_R1_001.fastq.gz,/scratch/gautschi/blackan/GROUSE/nexus/raw/F593_TTCACGAGAC-GTAACAATCT_L00M_R2_001.fastq.gz
normal,F594,L00M,/scratch/gautschi/blackan/GROUSE/nexus/raw/F594_GCGTGGATGG-CATTGGTCAA_L00M_R1_001.fastq.gz,/scratch/gautschi/blackan/GROUSE/nexus/raw/F594_GCGTGGATGG-CATTGGTCAA_L00M_R2_001.fastq.gz
normal,F595,L00M,/scratch/gautschi/blackan/GROUSE/nexus/raw/F595_TCCTGGTTGT-TGCCGGTCAG_L00M_R1_001.fastq.gz,/scratch/gautschi/blackan/GROUSE/nexus/raw/F595_TCCTGGTTGT-TGCCGGTCAG_L00M_R2_001.fastq.gz
normal,F597,L00M,/scratch/gautschi/blackan/GROUSE/nexus/raw/F597_TAATTCTGCT-ATTGATGAGA_L00M_R1_001.fastq.gz,/scratch/gautschi/blackan/GROUSE/nexus/raw/F597_TAATTCTGCT-ATTGATGAGA_L00M_R2_001.fastq.gz
normal,F598,L00M,/scratch/gautschi/blackan/GROUSE/nexus/raw/F598_CGCACGACTG-CTGTTGGTCC_L00M_R1_001.fastq.gz,/scratch/gautschi/blackan/GROUSE/nexus/raw/F598_CGCACGACTG-CTGTTGGTCC_L00M_R2_001.fastq.gz
normal,F599,L00M,/scratch/gautschi/blackan/GROUSE/nexus/raw/F599_GAGGTTAGAC-GCAATACATT_L00M_R1_001.fastq.gz,/scratch/gautschi/blackan/GROUSE/nexus/raw/F599_GAGGTTAGAC-GCAATACATT_L00M_R2_001.fastq.gz
normal,F600,L00M,/scratch/gautschi/blackan/GROUSE/nexus/raw/F600_AACCGAGTTC-TCCAGAGATC_L00M_R1_001.fastq.gz,/scratch/gautschi/blackan/GROUSE/nexus/raw/F600_AACCGAGTTC-TCCAGAGATC_L00M_R2_001.fastq.gz
normal,F601,L00M,/scratch/gautschi/blackan/GROUSE/nexus/raw/F601_TGTGATAACT-ATGGCGCCTG_L00M_R1_001.fastq.gz,/scratch/gautschi/blackan/GROUSE/nexus/raw/F601_TGTGATAACT-ATGGCGCCTG_L00M_R2_001.fastq.gz
normal,F602,L00M,/scratch/gautschi/blackan/GROUSE/nexus/raw/F602_AGTATGCTAC-GGTCTATTAA_L00M_R1_001.fastq.gz,/scratch/gautschi/blackan/GROUSE/nexus/raw/F602_AGTATGCTAC-GGTCTATTAA_L00M_R2_001.fastq.gz
normal,F603,L00M,/scratch/gautschi/blackan/GROUSE/nexus/raw/F603_GTAACTGAAG-TCGCGACTCC_L00M_R1_001.fastq.gz,/scratch/gautschi/blackan/GROUSE/nexus/raw/F603_GTAACTGAAG-TCGCGACTCC_L00M_R2_001.fastq.gz
normal,F604,L00M,/scratch/gautschi/blackan/GROUSE/nexus/raw/F604_TCCTCGGACT-CTCTGGCGTT_L00M_R1_001.fastq.gz,/scratch/gautschi/blackan/GROUSE/nexus/raw/F604_TCCTCGGACT-CTCTGGCGTT_L00M_R2_001.fastq.gz
normal,F605,L00M,/scratch/gautschi/blackan/GROUSE/nexus/raw/F605_CTGGAACTGT-GTTAATTACG_L00M_R1_001.fastq.gz,/scratch/gautschi/blackan/GROUSE/nexus/raw/F605_CTGGAACTGT-GTTAATTACG_L00M_R2_001.fastq.gz
normal,F606,L00M,/scratch/gautschi/blackan/GROUSE/nexus/raw/F606_GAATATGCGG-TCAGTCTCGT_L00M_R1_001.fastq.gz,/scratch/gautschi/blackan/GROUSE/nexus/raw/F606_GAATATGCGG-TCAGTCTCGT_L00M_R2_001.fastq.gz
normal,F607,L00M,/scratch/gautschi/blackan/GROUSE/nexus/raw/F607_GATCGGATAA-CGGCCGATAC_L00M_R1_001.fastq.gz,/scratch/gautschi/blackan/GROUSE/nexus/raw/F607_GATCGGATAA-CGGCCGATAC_L00M_R2_001.fastq.gz
normal,F608,L00M,/scratch/gautschi/blackan/GROUSE/nexus/raw/F608_GCTAGACTAT-ATGTCGTATT_L00M_R1_001.fastq.gz,/scratch/gautschi/blackan/GROUSE/nexus/raw/F608_GCTAGACTAT-ATGTCGTATT_L00M_R2_001.fastq.gz
normal,F609,L00M,/scratch/gautschi/blackan/GROUSE/nexus/raw/F609_AGCTACTATA-GCCATATAAC_L00M_R1_001.fastq.gz,/scratch/gautschi/blackan/GROUSE/nexus/raw/F609_AGCTACTATA-GCCATATAAC_L00M_R2_001.fastq.gz
normal,F610,L00M,/scratch/gautschi/blackan/GROUSE/nexus/raw/F610_CCACCGGAGT-CATGGCAGGC_L00M_R1_001.fastq.gz,/scratch/gautschi/blackan/GROUSE/nexus/raw/F610_CCACCGGAGT-CATGGCAGGC_L00M_R2_001.fastq.gz
normal,F611,L00M,/scratch/gautschi/blackan/GROUSE/nexus/raw/F611_CTTACCGCAC-ATAGGTCTTA_L00M_R1_001.fastq.gz,/scratch/gautschi/blackan/GROUSE/nexus/raw/F611_CTTACCGCAC-ATAGGTCTTA_L00M_R2_001.fastq.gz
normal,F612,L00M,/scratch/gautschi/blackan/GROUSE/nexus/raw/F612_TTAGGATATC-CCATGGTATA_L00M_R1_001.fastq.gz,/scratch/gautschi/blackan/GROUSE/nexus/raw/F612_TTAGGATATC-CCATGGTATA_L00M_R2_001.fastq.gz
normal,F613,L00M,/scratch/gautschi/blackan/GROUSE/nexus/raw/F613_TTATACGCGA-AACAGACGGC_L00M_R1_001.fastq.gz,/scratch/gautschi/blackan/GROUSE/nexus/raw/F613_TTATACGCGA-AACAGACGGC_L00M_R2_001.fastq.gz
normal,F614,L00M,/scratch/gautschi/blackan/GROUSE/nexus/raw/F614_CGCTTAGAAT-TATCACTCTG_L00M_R1_001.fastq.gz,/scratch/gautschi/blackan/GROUSE/nexus/raw/F614_CGCTTAGAAT-TATCACTCTG_L00M_R2_001.fastq.gz
normal,F615,L00M,/scratch/gautschi/blackan/GROUSE/nexus/raw/F615_CCGAAGCGCT-ATAGTTAGCA_L00M_R1_001.fastq.gz,/scratch/gautschi/blackan/GROUSE/nexus/raw/F615_CCGAAGCGCT-ATAGTTAGCA_L00M_R2_001.fastq.gz
normal,F616,L00M,/scratch/gautschi/blackan/GROUSE/nexus/raw/F616_CACTATCAAC-CATTAACTGA_L00M_R1_001.fastq.gz,/scratch/gautschi/blackan/GROUSE/nexus/raw/F616_CACTATCAAC-CATTAACTGA_L00M_R2_001.fastq.gz
normal,F617,L00M,/scratch/gautschi/blackan/GROUSE/nexus/raw/F617_TTGCTCTATT-TCAAGGTCAC_L00M_R1_001.fastq.gz,/scratch/gautschi/blackan/GROUSE/nexus/raw/F617_TTGCTCTATT-TCAAGGTCAC_L00M_R2_001.fastq.gz
normal,F618,L003,/scratch/gautschi/blackan/GROUSE/nexus/raw/F618_CAATCGGCTG-TTCCTACAGC_L003_R1_001.fastq.gz,/scratch/gautschi/blackan/GROUSE/nexus/raw/F618_CAATCGGCTG-TTCCTACAGC_L003_R2_001.fastq.gz
normal,F619,L00M,/scratch/gautschi/blackan/GROUSE/nexus/raw/F619_TTACAGTTAG-ATATGCATGT_L00M_R1_001.fastq.gz,/scratch/gautschi/blackan/GROUSE/nexus/raw/F619_TTACAGTTAG-ATATGCATGT_L00M_R2_001.fastq.gz
normal,F620,L00M,/scratch/gautschi/blackan/GROUSE/nexus/raw/F620_CTAAGTACGC-TAGGTATGTT_L00M_R1_001.fastq.gz,/scratch/gautschi/blackan/GROUSE/nexus/raw/F620_CTAAGTACGC-TAGGTATGTT_L00M_R2_001.fastq.gz
normal,F621,L00M,/scratch/gautschi/blackan/GROUSE/nexus/raw/F621_TAGTTCGGTA-CTACACATGG_L00M_R1_001.fastq.gz,/scratch/gautschi/blackan/GROUSE/nexus/raw/F621_TAGTTCGGTA-CTACACATGG_L00M_R2_001.fastq.gz
normal,F622,L00M,/scratch/gautschi/blackan/GROUSE/nexus/raw/F622_CTATTACTAC-GGAGAGACTC_L00M_R1_001.fastq.gz,/scratch/gautschi/blackan/GROUSE/nexus/raw/F622_CTATTACTAC-GGAGAGACTC_L00M_R2_001.fastq.gz
normal,F623,L00M,/scratch/gautschi/blackan/GROUSE/nexus/raw/F623_TAGCATAACC-TGCGCATAGC_L00M_R1_001.fastq.gz,/scratch/gautschi/blackan/GROUSE/nexus/raw/F623_TAGCATAACC-TGCGCATAGC_L00M_R2_001.fastq.gz
normal,F624,L00M,/scratch/gautschi/blackan/GROUSE/nexus/raw/F624_ACTCTATTGT-CATATGCGAT_L00M_R1_001.fastq.gz,/scratch/gautschi/blackan/GROUSE/nexus/raw/F624_ACTCTATTGT-CATATGCGAT_L00M_R2_001.fastq.gz
normal,F625,L00M,/scratch/gautschi/blackan/GROUSE/nexus/raw/F625_TAGTGGAAGC-TATAGGTACT_L00M_R1_001.fastq.gz,/scratch/gautschi/blackan/GROUSE/nexus/raw/F625_TAGTGGAAGC-TATAGGTACT_L00M_R2_001.fastq.gz
normal,F626,L00M,/scratch/gautschi/blackan/GROUSE/nexus/raw/F626_CGCCATATCT-ATCTCCGGTC_L00M_R1_001.fastq.gz,/scratch/gautschi/blackan/GROUSE/nexus/raw/F626_CGCCATATCT-ATCTCCGGTC_L00M_R2_001.fastq.gz
normal,F627,L00M,/scratch/gautschi/blackan/GROUSE/nexus/raw/F627_GCTTCATATT-AGGCTGAACG_L00M_R1_001.fastq.gz,/scratch/gautschi/blackan/GROUSE/nexus/raw/F627_GCTTCATATT-AGGCTGAACG_L00M_R2_001.fastq.gz
normal,F628,L00M,/scratch/gautschi/blackan/GROUSE/nexus/raw/F628_ACTAGCGCTA-GAGGAAGTAA_L00M_R1_001.fastq.gz,/scratch/gautschi/blackan/GROUSE/nexus/raw/F628_ACTAGCGCTA-GAGGAAGTAA_L00M_R2_001.fastq.gz
normal,F629,L00M,/scratch/gautschi/blackan/GROUSE/nexus/raw/F629_GCTCTTAACT-GGTGGACGTG_L00M_R1_001.fastq.gz,/scratch/gautschi/blackan/GROUSE/nexus/raw/F629_GCTCTTAACT-GGTGGACGTG_L00M_R2_001.fastq.gz
normal,F630,L00M,/scratch/gautschi/blackan/GROUSE/nexus/raw/F630_GTGGTATCTG-AGATAGTAGC_L00M_R1_001.fastq.gz,/scratch/gautschi/blackan/GROUSE/nexus/raw/F630_GTGGTATCTG-AGATAGTAGC_L00M_R2_001.fastq.gz
normal,F631,L00M,/scratch/gautschi/blackan/GROUSE/nexus/raw/F631_TGACGGCCGT-ATGGTTGACT_L00M_R1_001.fastq.gz,/scratch/gautschi/blackan/GROUSE/nexus/raw/F631_TGACGGCCGT-ATGGTTGACT_L00M_R2_001.fastq.gz
normal,F632,L00M,/scratch/gautschi/blackan/GROUSE/nexus/raw/F632_CAGTAATTAC-TACCGCCTCG_L00M_R1_001.fastq.gz,/scratch/gautschi/blackan/GROUSE/nexus/raw/F632_CAGTAATTAC-TACCGCCTCG_L00M_R2_001.fastq.gz
normal,F633,L00M,/scratch/gautschi/blackan/GROUSE/nexus/raw/F633_TACAAGACTT-TGAACACCTG_L00M_R1_001.fastq.gz,/scratch/gautschi/blackan/GROUSE/nexus/raw/F633_TACAAGACTT-TGAACACCTG_L00M_R2_001.fastq.gz
normal,F634,L003,/scratch/gautschi/blackan/GROUSE/nexus/raw/F634_TATGTAGTCA-CATTAGTGCG_L003_R1_001.fastq.gz,/scratch/gautschi/blackan/GROUSE/nexus/raw/F634_TATGTAGTCA-CATTAGTGCG_L003_R2_001.fastq.gz
normal,F635,L003,/scratch/gautschi/blackan/GROUSE/nexus/raw/F635_ACTCGGCAAT-TTCAGTTGTC_L003_R1_001.fastq.gz,/scratch/gautschi/blackan/GROUSE/nexus/raw/F635_ACTCGGCAAT-TTCAGTTGTC_L003_R2_001.fastq.gz
normal,F636,L00M,/scratch/gautschi/blackan/GROUSE/nexus/raw/F636_CTGTGGTGAC-CCTGTCTGTC_L00M_R1_001.fastq.gz,/scratch/gautschi/blackan/GROUSE/nexus/raw/F636_CTGTGGTGAC-CCTGTCTGTC_L00M_R2_001.fastq.gz
normal,F637,L00M,/scratch/gautschi/blackan/GROUSE/nexus/raw/F637_CTCCACTAAT-AACAAGTACA_L00M_R1_001.fastq.gz,/scratch/gautschi/blackan/GROUSE/nexus/raw/F637_CTCCACTAAT-AACAAGTACA_L00M_R2_001.fastq.gz
normal,F638,L00M,/scratch/gautschi/blackan/GROUSE/nexus/raw/F638_ATAGTTAGCA-CTACTTAGAG_L00M_R1_001.fastq.gz,/scratch/gautschi/blackan/GROUSE/nexus/raw/F638_ATAGTTAGCA-CTACTTAGAG_L00M_R2_001.fastq.gz
normal,F640,L00M,/scratch/gautschi/blackan/GROUSE/nexus/raw/F640_TTCTTAACCA-GGTATGTAGA_L00M_R1_001.fastq.gz,/scratch/gautschi/blackan/GROUSE/nexus/raw/F640_TTCTTAACCA-GGTATGTAGA_L00M_R2_001.fastq.gz
normal,F641,L003,/scratch/gautschi/blackan/GROUSE/nexus/raw/F641_GTCTAATGGC-CCTGACCACT_L003_R1_001.fastq.gz,/scratch/gautschi/blackan/GROUSE/nexus/raw/F641_GTCTAATGGC-CCTGACCACT_L003_R2_001.fastq.gz
normal,F642,L00M,/scratch/gautschi/blackan/GROUSE/nexus/raw/F642_AAGGAAGAGT-GCCTAACGTG_L00M_R1_001.fastq.gz,/scratch/gautschi/blackan/GROUSE/nexus/raw/F642_AAGGAAGAGT-GCCTAACGTG_L00M_R2_001.fastq.gz
normal,F647,L00M,/scratch/gautschi/blackan/GROUSE/nexus/raw/F647_TGAACGCGGA-TCCTTCGAAG_L00M_R1_001.fastq.gz,/scratch/gautschi/blackan/GROUSE/nexus/raw/F647_TGAACGCGGA-TCCTTCGAAG_L00M_R2_001.fastq.gz
normal,F651,L00M,/scratch/gautschi/blackan/GROUSE/nexus/raw/F651_CCTGCAACCT-CTGACTCTAC_L00M_R1_001.fastq.gz,/scratch/gautschi/blackan/GROUSE/nexus/raw/F651_CCTGCAACCT-CTGACTCTAC_L00M_R2_001.fastq.gz
normal,F652,L003,/scratch/gautschi/blackan/GROUSE/nexus/raw/F652_CCATCTCGCC-AACCATAGAA_L003_R1_001.fastq.gz,/scratch/gautschi/blackan/GROUSE/nexus/raw/F652_CCATCTCGCC-AACCATAGAA_L003_R2_001.fastq.gz
normal,F658,L00M,/scratch/gautschi/blackan/GROUSE/nexus/raw/F658_TTCATGGTTC-TGACAATGTC_L00M_R1_001.fastq.gz,/scratch/gautschi/blackan/GROUSE/nexus/raw/F658_TTCATGGTTC-TGACAATGTC_L00M_R2_001.fastq.gz
normal,F665,L00M,/scratch/gautschi/blackan/GROUSE/nexus/raw/F665_ATCCTCTCAA-GCCTTGCGGA_L00M_R1_001.fastq.gz,/scratch/gautschi/blackan/GROUSE/nexus/raw/F665_ATCCTCTCAA-GCCTTGCGGA_L00M_R2_001.fastq.gz
normal,F667,L00M,/scratch/gautschi/blackan/GROUSE/nexus/raw/F667_CACTAGACCA-ATAAGGCAGT_L00M_R1_001.fastq.gz,/scratch/gautschi/blackan/GROUSE/nexus/raw/F667_CACTAGACCA-ATAAGGCAGT_L00M_R2_001.fastq.gz
normal,F668,L00M,/scratch/gautschi/blackan/GROUSE/nexus/raw/F668_ATTATCCACT-TACGTGCGTA_L00M_R1_001.fastq.gz,/scratch/gautschi/blackan/GROUSE/nexus/raw/F668_ATTATCCACT-TACGTGCGTA_L00M_R2_001.fastq.gz
normal,F670,L003,/scratch/gautschi/blackan/GROUSE/nexus/raw/F670_AGTGTTGCAC-CGTGTACCAG_L003_R1_001.fastq.gz,/scratch/gautschi/blackan/GROUSE/nexus/raw/F670_AGTGTTGCAC-CGTGTACCAG_L003_R2_001.fastq.gz
normal,F675,L003,/scratch/gautschi/blackan/GROUSE/nexus/raw/F675_GACACCATGT-TACACGTTGA_L003_R1_001.fastq.gz,/scratch/gautschi/blackan/GROUSE/nexus/raw/F675_GACACCATGT-TACACGTTGA_L003_R2_001.fastq.gz
normal,F92,L00M,/scratch/gautschi/blackan/GROUSE/nexus/raw/F92_GACTGAGTAG-CACTATCAAC_L00M_R1_001.fastq.gz,/scratch/gautschi/blackan/GROUSE/nexus/raw/F92_GACTGAGTAG-CACTATCAAC_L00M_R2_001.fastq.gz
normal,F93,L003,/scratch/gautschi/blackan/GROUSE/nexus/raw/F93_AACATCGCGC-ACAAGTGGAC_L003_R1_001.fastq.gz,/scratch/gautschi/blackan/GROUSE/nexus/raw/F93_AACATCGCGC-ACAAGTGGAC_L003_R2_001.fastq.gz
